0,271274957065167;1,27502042192544;1,41790883346013;0,828893108535448;-0,388795234970366;-1,45897254260412;-0,65508832319604;1,47432093351219;-1,25888940655862;-0,413124563853936;0,979335740664887;-1,52431181992469;-1,37337736364285;0,325946210936399;0,38520503975337;-1,58299532726026;-0,816153972733012;1,32616116669209;-1,59550646621428;-0,32509098356902;1,20519712510208;-1,6058176467347;1,54019819223303;1,19520823676091;-0,848195040764679;0,563980138189084;0,760794212321057;0,709380372504726;-1,04498348757762;-0,533959125828264;0,584984604519415;-0,470528170575841;0,534671556902423;0,938898723452288;0,0205314385562456;-0,38987020710175;0,704220202524063;1,3175046764189;0,733425562695235;-1,08447063473998;0,553530952297249;-0,916652563783858;-1,04085762511073;1,56192981558538;0,547542531769142;1,50421602607948;-0,779748354695879;1,08897695847511;0,481753102097499;0,951132049778361;-0,798308296784555;-0,863338841126047;-1,59449137479338;-0,67909467391132;1,32879654973581;-0,18481079777396;1,44569729552218;-1,86336888649923;-0,385490833267591;0,565569914372426;-0,562375109634515;0,290564170633457;0,529511716877732;1,33903144190842;0,380802475095025;-0,455147003374568;-0,723419781021129;-0,581347780088651;-1,73508442005469;-1,11021608606543;-0,863544279407057;-0,227436023010975
-0,739602605308102;1,73174993308928;1,03766510285368;0,426676340880953;1,19374314558628;1,77961361188678;-1,17715068209324;-0,572242714766908;-0,11047254927929;1,51868655292423;-1,34424618542842;-0,302099893756434;-1,61581837751688;0,0324318845293845;-0,639822475679451;-0,561989561339663;1,68481677294565;1,43857390483395;-0,478596811193735;0,659303331309329;-0,358063214358866;1,1094860744871;1,51934489098776;-1,13123788510023;-0,100130033672692;-0,87603127521217;-1,09945136348727;-0,889569597699718;0,627690170320251;1,7227061813222;0,859261865690543;-0,159674270720993;0,328534829481326;1,09414635556317;-1,56052920430205;-0,933425138746177;0,476018485406973;-0,558313574856506;0,282234364102963;1,74055181689911;1,68700165584436;-1,49598347209124;-0,127833433131828;-0,120229486009656;-0,134829645680243;-0,255140950396587;1,47036485312718;-0,786390237664879;-0,997340792125815;1,62477489534385;-0,428958781077382;-1,54240474224823;0,822380088306252;-0,281305540132253;-1,47504023536813;-0,43181936450413;-1,53165322889165;0,0445041320690402;-1,14961059829844;0,314655683987403;0,460436256490747;1,68225140276322;0,735328985230938;-0,167129697269592;-1,29154788057659;0,483304255308587;1,35972780867605;-0,671150050799179;-0,416876049005456;-1,28927174230066;0,928912257015625;0,435029052634973
-0,495437157819412;-0,212130763690701;1,3475304167077;-0,99162002766615;0,443805380469367;-0,573855379527148;0,55165768853952;-1,63812092809698;-0,506389181567764;-1,54675099226355;-1,81091959238879;0,356267575415623;-0,193690021990229;0,921373060700205;0,602352901523494;-1,62680595241785;0,228607833670204;0,487327142744518;-1,17792812769857;-1,72684236776996;-1,51862750748185;1,0835935404363;-0,970452282869396;1,40312305697407;-0,327506135651874;1,0970508881505;-0,658375106012192;0,781015174421395;0,0453051975333711;0,404899829965143;0,973971087303805;-1,57066752587836;-0,902005367040509;1,05642579930596;0,465714559295441;-1,13535515602424;0,14300530004908;0,914993667566864;0,399707840889115;0,204199657674991;1,02528156051426;-1,72390117053831;-0,996133528378716;0,0521752554402359;1,07101677184302;-1,71045686633052;1,27467465021194;-0,834583397220905;1,5270582449353;1,05739964106947;-0,194470631252597;0,222881747003404;1,31813109511368;0,151466136462997;-0,0423481867777168;-0,0626789547659969;-1,16715423926713;1,19343123515315;1,0517842487971;0,427593608063708;-1,81050855061508;1,60514474983847;-0,496837768819482;0,770498057802705;-1,24354770580856;1,37962485623382;-0,745862425130388;0,253931096934768;-1,36379969899629;-0,196763882559213;-0,299618607570179;1,18022767735551
-1,40335046796016;0,321650263610322;-1,03954796859441;1,29914790255326;0,724082812091626;0,917648360023311;-1,52677298680706;-0,79527899593132;-2,16611231377645;-1,47071519607316;0,628897599849149;0,796074568447446;-1,46878821877365;-0,932992212327627;-1,20553491935237;0,53721759946747;-0,63530149418816;-1,12014169473545;1,61777710581909;0,475892903602645;-1,70422065069654;1,72767038716276;0,381412877514371;1,11892829137818;0,376123695069836;0,00537603269404999;-0,584245613691235;1,64992687030109;0,653514610341792;-0,770251973188013;-1,02692030161154;-0,43033563644032;-0,684229087833662;0,479614282063207;0,0641153640990671;-0,576757830863318;-0,453264516155442;0,278863701638959;0,954613107945134;-0,272157474177024;1,24640038921117;-0,339217385181619;0,641289476001406;1,36063923016926;-1,1064799857838;0,715380892236534;0,369640763482631;1,13099041895328;0,698796249604413;0,709036240302136;-0,723106784475374;-1,67486891440899;0,0988568787042853;1,29040293295097;0,886079580028041;-1,3279318121594;1,46124170046372;-0,521892365934027;-1,07483700566341;-1,19031097420361;-0,536863733547646;-1,53232487724407;0,728326174678341;0,737393905671511;1,38800012319417;-1,05135513836912;-0,267960361901591;0,0113873099032264;1,2540346855276;1,08615163521511;-1,0282685437241;0,654775015574796
-0,714755508981832;-0,225097215517953;0,594574022652291;0,270439386146527;-1,07822624020778;0,501186227080568;0,432821079664928;1,51569854587703;1,66196773279343;-0,590310210848566;-1,38855352182903;1,17454515609759;1,05386372877297;-1,55317629942162;1,37977348456695;-0,256665090844406;0,869685669946869;-0,709432940591728;-0,567527848933493;-1,76784924127981;-0,943139867149062;0,730600296686416;-1,74312064637965;0,751220190128738;0,548273274674629;1,53181612495391;1,55598670041613;0,971583558206062;-0,797066755952841;-1,44210081120881;-1,45292540238176;1,27557235059026;0,0995085728890879;0,611910948813592;0,34239618596288;1,60304725189137;-1,56801257115394;-1,24222323866441;1,26564398921926;-0,855925505508304;0,593926206584741;-0,33240968019957;-1,18885749625224;-1,83959665419361;1,41433674761182;0,922952228640069;0,988849215793288;1,32682378530526;-0,675111071584053;1,28070078934073;0,611995286581397;-0,0530365627709759;-0,234488353267717;-0,774854003093387;-0,455757326058861;0,687301395394119;-0,369784593290531;1,88723825003646;1,3161437430729;-0,721652101829852;0,512132970564421;0,785166101027309;0,108263166402974;0,504412296840742;-1,16647613343619;-0,840351376761342;-0,666537510971302;-1,09873448620755;-0,456422420955083;1,38682173533036;-0,469179837424838;0,092565991630605
-0,383294809807058;-1,40234892786844;-0,380567669715251;1,52275530524333;-0,138416107576724;-1,64734413034439;1,56949624633394;1,28730232485662;-1,46605475192224;-1,34132795415294;-0,270954461717983;-0,171973986826021;-0,288875122693107;0,862447766137653;0,0665257717011347;-0,134229157252528;-0,740530426259968;1,90410605934893;0,0248087144161417;-1,61125595009561;-0,659051514142911;0,42026306880694;1,00420949697312;1,67250225700907;1,7241328585087;-0,357163565106187;1,18996223053471;1,03374895164956;0,153132677225278;0,868441067474831;0,215182712851232;-0,219407925055411;0,363314811594476;-1,60481931161175;-0,839447221994455;-0,0885952495060602;1,82751816663219;0,210776412942236;-0,585378699527572;0,073331267693766;-0,791941031131527;-1,4149719505448;-0,834652962841888;0,607161444931831;-0,642802384861634;-1,10359335675724;-0,533508916035839;0,485271466227451;1,17289398352171;-1,60973481310532;-1,69413505328075;0,0622527202498279;-0,0559284485427398;-0,624103482329516;-0,381504131041754;1,39420888969798;-0,300791905165771;-0,298668499541286;-1,54407181121233;1,22450478336027;-0,931925432995544;-0,977970033537538;-0,37864850939129;0,291832504894648;0,719901093018909;-1,56677972221549;1,78288474663502;-0,343696804378083;0,0598552129446055;-1,69312057685568;0,000561984547903321;0,968112273911261
0,867281412796193;-1,39946417949272;-1,52362239070559;-1,08258356397621;0,164613949688058;-1,52750849891798;0,563183337235989;0,812351050322427;-0,888852731002498;-1,00750933437501;1,65891275387694;0,0260482657583527;0,686013493216964;1,46315578186177;1,61081124581882;-0,841452953220727;0,798837641155336;-0,099222146783061;-1,44631508392671;0,35596083471457;0,125664016415219;-0,361536052855603;-0,910330041073314;1,61195468124115;0,938063712504405;0,921714576121274;1,4462124848867;-0,837316678171875;-0,845338746965173;1,41809362457338;-1,16437500348026;1,20660044188191;0,385151170276429;-0,460145503634009;0,831778269238315;-0,234008070317642;-0,48968296342484;-0,673533311997497;-0,528238634488502;-0,272604773611171;1,29952374042104;-0,568853300926195;0,89576883425291;-1,18940955056533;-0,549137298036966;1,42155441848327;1,67267813548746;0,966337924401562;-0,722617983313932;0,646106721962467;0,393176232237874;-1,3782078731309;1,59721052082589;1,69258260676377;-1,03150265920209;-0,26258328044364;1,48836477122183;-1,10787905453594;-0,445607749316437;1,50512804379214;-1,10672971909814;-0,240645483325859;0,0966869815377101;-0,823392552131066;-1,49187087341044;-0,693150220708148;1,30428179772837;-0,717542535290961;-0,93040338200262;0,397609343549996;1,46366011062389;0,144399862423561
-1,25376756233897;0,595013688610286;0,467261281633695;-0,970326117299826;0,0492090930561112;-0,961634869666576;0,582572637492696;1,56007225268396;1,32484711701251;-0,777561578824643;-1,52623093672085;0,385187880947055;-0,540686139220446;-1,18371561857134;1,26915168996687;0,309554507766516;-1,29281897217483;-0,221909564699934;-0,0213597490185817;-0,831799080962442;1,44457003619355;0,241975502841783;-0,569299558607977;-0,0188815090675466;1,25470058831377;0,452268437119895;-1,66749983690943;-1,02521569226238;-1,68840496744162;0,541730058363878;-0,257097279980758;0,463558291738857;1,05515280979743;-0,898027323263491;1,33298765020959;-0,0347811654028192;-0,18756409008394;1,76286233869343;1,23070517410906;0,736260501521397;-0,203610151807588;-0,225992499150907;-1,67922288890601;1,77500262223473;-0,331326116939546;1,47937726488989;1,79445462987425;1,42290243922274;-0,592178993989284;-0,881843887245908;-1,61089871906604;1,46093433315167;1,85674635586939;1,00728040984313;0,312297320298794;0,422411641647728;-0,489898080033237;-0,929218872582361;-0,947375314077887;2,26174239868324;-1,44365990895091;-0,133327395748712;1,01688560415259;-1,50186416807092;0,428308886085144;-0,0970110734211129;1,25572910624269;-0,810326480202996;-0,800850813050062;0,0267591766926456;-0,677740510990636;-1,00133335706169
0,0655035334199201;0,786094981656267;0,754768423153446;-0,199608606133648;-0,134358957867505;-0,70889264911315;-1,63460798599252;1,52316964316287;0,424040479686549;-1,06001220798796;1,69026575078559;0,670245949832038;0,165830233403889;0,315810334519931;0,122174662066695;-1,85101848482593;0,0486061483448441;-0,170663488065954;-1,40819782383378;-1,2207517892262;0,0699792179997223;1,56884216120226;-0,0337723190465093;1,51422058184957;0,306575985094707;1,721538508268;-0,682014513147976;0,84713790403251;-1,47041164181692;0,20685208568791;0,62870900598235;1,03468755103356;-1,71028624697012;1,35636095637632;-0,906823222368912;-1,27084037715139;1,08680211003135;-1,44833017577442;-1,71375214647473;1,30572542683343;-1,94214392099095;0,33080426468639;-0,867196574020912;0,966700014362846;0,202844919378628;-1,47415840815533;-0,197708743033776;1,58749185919502;0,99278733960372;0,99959345309945;1,20090330245583;1,08374936866728;-0,352801965462064;-1,43592495361087;0,54503833506303;0,388310803027697;-0,980844509282319;1,30986662136165;1,23680461150304;0,0639208845775049;-1,17205121878194;-0,920358221835815;1,35811369536019;1,51159210821249;0,469318572095969;-1,47050243580021;0,466158515733913;0,219519916082645;-0,715950231582146;-0,166485211380425;-1,38333074870074;-0,759544045809016
-0,543215900243768;-1,40841189915798;-1,52477245434648;-1,08342701422505;0,385732041383873;1,06536546397229;-0,3217085177932;-0,106130337894513;-0,50897298167536;-0,699054283984835;2,01987162854207;-0,733887980231067;1,69840647605516;1,2972648851849;-0,494672002876671;1,62492370699479;-0,741171111651334;0,184410316999351;1,21147841758183;-1,46374439032182;-0,576443226030321;-0,409512108896155;1,00791763898622;1,32864183963508;0,337777265641935;-0,631599460016983;-0,87208626564643;0,00128788032428028;-0,470236080563624;1,62328346070839;0,381519615924246;-0,276777519106068;0,595772093949747;-0,557752025336252;0,33714921353461;-0,559950142811033;-1,5407135452219;-0,11857772975102;-1,13020468353829;-0,28063971985088;0,0213941759904154;-0,578379259304746;-1,25530732258162;1,33588948380036;-0,846445974647334;0,385556435539145;-1,78282235015399;0,87016222876396;1,28387304113969;1,19868610338518;-0,545686301896501;1,20566026915623;0,27773525621562;-1,58091378935419;1,82566515997232;1,76918881712717;-0,370924546779803;-1,22271295626879;0,16615132490032;-1,17742886794942;-0,0329558565021406;1,67639834009032;-1,53246308017607;-0,0218109104312753;0,854948014813308;0,820839733798826;0,431553398763946;-0,0226900455855462;-0,920061688159104;-1,80410571612715;1,20046835614143;1,32583698410255
-0,16906968818449;0,580538992250626;0,452136697594588;1,51017712824185;-1,12569464356899;1,67179078861678;0,155918478020927;-1,6963680666082;0,146526076832539;-0,0278407737304806;1,2483561355876;0,206991347206225;0,383348626195247;0,751422708996897;0,73419291694005;0,154937806735521;0,154344293519282;0,965283155662669;-1,32164489242513;1,03278279300535;1,06215546199307;-1,32464720287693;1,7979789044887;0,00960444601298537;-0,961286196173891;0,797848453933174;-1,48320981517167;0,325293627978792;2,04043229948919;-0,24194493895496;0,320938800422488;0,710700254372528;1,59565097013673;0,369859452692831;-0,551150483955431;-1,21704779546493;-0,307421068521425;2,08566948583186;0,416625521806129;-0,29912578833104;0,696278897589306;0,596488130411947;1,33718327301559;1,47381958266779;-1,37067465513041;0,126157453952755;1,43791284489701;-1,48596308804218;1,001922552714;-1,61775425055815;-1,04643120769383;0,387118671229706;1,51587052519896;-1,28792397708973;1,55426355700709;-0,613456469011232;0,0264482851631148;-1,34491855396693;0,825057174479368;0,468126735412181;1,32339499411576;1,11880373927254;-1,14597633457183;1,10678502463811;2,32871689064632;-1,51924146665801;0,254315806401541;-0,821465729637811;-0,515320417087908;0,22132894032334;-1,15512088464001;-0,22799713694897
1,3802241202663;0,319714052954845;-1,49927672106223;-0,696793307926852;-0,734565610000729;1,51091161089733;-0,317580961536907;0,367285578608714;0,479336238421277;-1,57635069314422;0,765282234729308;1,09159397602877;-0,712444123720974;1,22532941700893;0,710129373921622;1,59316105393553;0,17824567357241;-1,52133917189248;0,497975040903668;-0,755754443978798;-1,01177105940279;-1,07649020209829;0,152070184095429;1,04093671658697;-0,209746203797084;1,20882651077995;-1,55957952862366;-1,09181279596613;-1,94165540921706;1,48816504836493;1,08758537892694;-0,80357652087537;0,758293658210285;0,291603205275546;0,883685873455737;-0,286104401416094;1,92772744792205;0,57061038368497;-1,4410084325657;-0,194359843117283;0,495945976119107;-1,03297872051876;0,98462237099754;1,16161361212472;-1,27841611553319;-1,01204618550349;0,217423634060407;-1,52239965130179;-0,47507310527783;0,863836773065236;0,305504564992662;-0,481486118177893;1,28526700862586;1,57836974949826;-0,968765272003299;0,94244706862334;-1,55251232773082;-0,691328895137723;1,01858943740838;-0,362166141964406;1,3211525628096;-0,499381500424674;1,00196034905703;1,24384108722895;-0,890502579916365;0,131625381523681;-1,31431158346954;0,606203430438332;-0,938860793177963;-0,633888950878736;1,66228018517761;0,866502390556337
1,71886480170101;-1,1527818528387;0,646043638479441;-1,46244703512586;-1,32522388522451;0,738789436660026;0,614129496644913;-0,624760688741874;-0,545888312633618;1,60688966077611;0,70405272610845;-0,483651026736143;-0,806628551497911;-0,556768592967132;-0,329099983496003;1,50568757636313;-0,118824316087499;1,5757310338806;-0,496064049112389;0,685131921926795;1,4445430764108;0,433419151772807;-0,0632781867182896;-0,773816373999985;-0,0588843937618788;-1,36674964719585;-0,0104645705399163;0,485674994330116;-1,31920494330849;0,933439331391662;1,31986422908896;-1,55249469443064;0,536067344534506;1,24541882085177;-0,783728639308777;1,03924204674898;-1,23155071729825;-0,997938242901194;0,537905229856539;-0,522189452268994;-0,00657447234257147;0,257219069737869;-1,56901449193183;-1,47928788343053;1,10029069569986;-0,61626683109692;0,44264435338189;1,87435874549738;-1,28369223459957;-1,36055894030546;-0,345137791058813;-0,823868604192942;1,61759383683015;-0,84774244975608;1,4182997433985;-0,953147241832358;0,594272936111152;-0,23930487928713;0,220341172150998;-1,31450400092519;-0,677710402311806;-1,38205600088951;-0,896305231383738;0,317053497536062;1,59259301174408;0,495681125797587;0,716564716408578;-0,168763623345105;-1,56829007025504;0,677332278700879;1,36645048300096;-1,12652444847688
-0,431549126300704;-1,46149456832301;-1,21297558622886;0,200539182818688;1,01454266433916;0,22925931714881;0,531482262034543;-0,548090651536793;0,0542756355707389;0,157571766674752;0,933547102231155;-1,19750669382794;0,434746000688317;1,04584667498617;-1,21615818274301;-0,268287459115825;1,89677907977035;-1,12912434250825;-0,791809881435575;1,72762853324722;0,884274567240285;0,441298509723106;-1,71756681655387;0,367835790291692;-0,408777129983978;0,782330458113231;-0,959118116200448;-1,5452694064945;0,934725126127477;-0,914409472413446;1,78370294317327;0,442321467409573;-0,508590374012047;-0,578807269233791;2,10239246183023;1,94327797924725;-0,861966872530375;0,442202541691625;1,00877593546419;-0,705393575007195;1,62384037217847;0,0305646072823826;1,00876377767737;1,57227900533674;0,808574182688761;-1,02275764995243;-0,91245297502385;-0,340885208255023;0,800975907905184;-0,656156099587382;0,531699749075074;-1,5677327416601;0,675578867593558;-1,52805109848127;0,566184799204736;1,27156090500398;-1,27235102582464;0,889263390192984;-1,39248129782155;-0,435130080840182;0,360246951554365;0,150120031800973;0,315047854738875;-0,943121130389853;0,516678925404029;-1,2364383894898;1,17470292214303;-0,884770640224968;1,08507930517925;-0,899251691207473;-0,993932814638742;0,328756334441043
-0,506101787928799;1,38681283326925;1,38238701412938;-0,606083758560824;1,00474689691723;-1,39369498680077;1,15525104169728;-1,14725508298478;-0,453132682618713;1,12187573630161;-0,176924592361377;-0,616865719441012;0,990243272332591;1,49071231051684;1,4031458681796;-0,915857606517426;0,646667489390714;-1,58514334006592;1,35778795500747;0,493637699350484;-0,502260869830505;0,243101256105081;0,870654763721411;-0,126959830665457;0,915103658473697;-0,0848132030482851;-0,566642582372925;0,426594619230359;-0,270658266242272;-1,98183167684939;-0,0682210396235123;-0,363888632403388;-1,08707312431133;2,04632647762384;0,484532515393305;0,469624925857745;-0,938958389914069;-1,69452262815395;-1,62198238971815;1,12550801611102;0,841085106078872;1,15232520124114;1,2294874062848;0,363453572880821;1,54331743426649;-1,22574390398319;-0,349008582517851;0,457399407163416;-1,41168488950995;0,401897694489832;-0,795815112849953;0,325905743718822;-0,812872020034748;-0,0435641778677933;-1,38175593532888;1,11154063090348;-1,38033735561148;-0,448505253883203;0,847302607406542;-1,16035205464272;1,15451787487867;-0,566474643483337;1,2766473646153;-0,41246884142791;-0,840747837535042;-1,42317865727747;-1,09392883872365;1,15135653714227;-0,719518415452025;-0,945877447930355;-1,75759927634732;0,204396863519141
-1,3202466350227;-0,95679538778955;1,259230564037;-0,301712620212487;-0,0971844482286304;-1,10736679443245;-0,271774023301945;0,12690806236142;-1,45480435207574;0,712329043645394;-0,560349863272665;1,26254771203768;-0,0121891814064017;1,47289021035278;-1,36598341294842;0,356723976877637;2,12902210121349;1,27148079010214;0,156711887773599;0,609222155190789;0,458329215011088;1,05143595294187;2,08206218179477;-0,665718420764046;-1,44854609128498;0,0801945973967459;-0,511547875800876;1,4122563755681;1,56616640620894;0,71870357630305;-0,252667802827249;1,01209975519981;-0,633351980859066;0,975561235062023;-0,401213346290749;-1,24840384831166;-0,0756719695694434;0,838941407417024;-1,44122011232339;1,54327811278754;1,03989793370307;2,03298258472168;-0,957038896028606;-1,75393671710111;1,29968203814436;1,2199002437211;0,254709691310669;-0,84256180275386;0,960060580148377;0,370573625592525;-1,45807529045005;-0,404601657603499;0,495838893281485;-1,06380863814498;1,36068963588095;-1,0847555455564;-1,63881589994544;0,089252713144179;-0,370697981973248;-2,04670768235529;0,743949160552594;0,108558118575256;1,40913003629946;0,0497140188131488;0,229567561413919;-0,243395710345032;0,38139586806536;1,12718310127125;0,0047843461854791;1,31513720384435;-1,11381100827608;-1,13673151536976
0,637021776651911;0,0699725219068442;1,33151272973283;0,386478339031158;0,848343028179593;1,00723269777958;0,205914407912525;-0,860836964979012;0,882969390801212;-1,47887085845233;1,80356482440355;-0,428750437638126;0,57689664277793;0,4119968156315;-1,15553113716521;-0,887994004747917;1,66602589611372;-0,413854263824276;-0,651321653941107;-1,24777466732095;-0,841672029260436;2,16970729726232;-1,2537978703909;-0,853821762352432;-0,605651532015982;0,713482122500801;0,504104938981892;-0,671802884428322;-0,547847925368309;1,13557366273964;1,4052924789176;1,40774424129111;-0,123584421518044;0,68086915912853;0,851370794889616;-1,28275372548014;-1,1872153261163;-0,724010315877161;0,169267354622591;-0,9397792353835;-1,85368733671132;-0,78345826909836;-1,04192402212381;0,500159683936698;0,393780364755637;-0,798041282074108;1,35094958153739;0,728870848906282;-0,535209278060449;-0,936267456068945;1,38469295319;-0,833723312504376;0,981251046450234;-1,39197191344427;1,38225305132931;0,397791854799529;-0,222195504334831;1,26441845800326;-0,346188278079059;-1,06393722874426;-0,427282891610011;-1,11116195769041;1,76942523596405;1,59814490441137;-0,405608791994771;-1,53928518483032;1,20264830349673;0,900992976533057;1,29083784889103;-1,39665875734637;-1,26080852443838;0,567798064490912
0,404860290904275;1,17690788965344;1,59474332198859;-1,23205246403971;0,730451142347113;-0,277905881611537;0,618112761831445;-1,460388348421;0,275095283145457;1,01565361347363;1,22158585303851;-1,10693440848545;-1,22022403244286;-0,0189490467852656;-1,03464853787592;-0,260528281622982;0,827583000059916;-1,46632826370639;0,519246672707116;-0,139417679579399;1,39796850517328;-0,352397954147457;1,03657433997305;0,930430133286139;-0,850166132377953;-0,761566829242408;-0,300668525548094;0,205688387571433;-0,288403685389226;-1,10512487016807;0,549522254792418;-0,589336456611328;-1,11696404304945;-1,33813427285334;0,398101225442277;1,27460690100474;-1,36387456419813;0,836649018288193;1,58490498150876;-1,53899634549061;-1,46124319991046;-0,980999780810663;-0,0542798472719837;0,124720291952724;-0,67829396958167;0,631103642622637;1,0662406831101;0,94195251433566;1,05678490246808;-0,472821594286504;1,25560970032685;1,27635809637901;-0,438299187773123;0,302700877219527;0,724746154986561;-0,787288045301087;-1,43763998280577;-1,00378367751301;1,28562253114789;-0,287105709548744;1,48641039070482;-1,25416525047467;-0,0345799354534586;-0,266296086392785;-1,47381964868313;0,101766072474578;-1,62252448805478;-1,70377938088975;1,08704832760572;-0,699616993556723;-0,469014702323409;-1,54020472416124
-1,54353567824683;0,895808862238488;-0,415009870380072;0,482656491171423;0,995983406748657;-0,74614212472814;0,0241567665509736;-0,342272791484195;-0,621537493323159;0,454716170851616;0,510117143720476;-1,65149012362892;-1,25709147437071;1,23862867906698;-1,83486185274976;0,185937429289829;0,0306661778345801;-0,510820509663801;0,635076086401468;1,12731479079017;1,50187087641118;-0,152976554763137;-1,48262682082968;1,59296505798103;0,550099242052945;-1,66650022953776;-0,199359166132277;1,14877457289779;0,518550119012987;1,7659925581075;1,80519655431382;0,25748838677779;-2,13758983840288;0,938663115279481;1,06678347950607;0,483328587558759;-0,878168401221587;-1,22384490548059;-0,56483202301253;0,939918510467172;0,727699265617767;-0,277583927432692;1,74669726446267;-0,511386833182784;-0,50743649654436;0,202704571106478;-1,1712063131497;-1,43880753417228;0,258714302900341;-0,169179550466803;0,50477622319417;0,0304056988957041;-0,314607089575006;-0,264052537496044;-1,55179024088481;-0,254418002249076;0,613005012527724;-0,449398721486441;1,45504078493067;0,400070538968367;0,994554858754033;0,861782904042277;1,41734393693406;0,299102195873801;0,317991357365549;-1,20766969951616;-1,46153570468506;-0,699900054594996;-1,57129088509519;-0,653753157875341;-0,639020501730053;-0,768382246513715
-1,41256627826041;-1,0111813051792;-0,772545807982504;0,043612725609904;0,913963219167963;0,89182353775193;0,507111972434732;-1,02963783799551;1,66161367799696;-0,673832017320672;-0,944399560262749;-0,84666295303374;-0,950543437767748;0,0811710915977205;-1,36071897666596;0,595912201544262;1,50156297270491;-0,246270500162313;-1,36184069259552;0,814839271694331;-1,11714155297615;0,610770393917983;2,07108715271078;1,47601193204553;0,817369304212488;-0,692206954392224;0,407625117594681;-0,844942131571988;0,451265028496314;1,90639713540281;-0,156530630408249;-0,833605672708316;-0,745807634586115;-0,488574679492356;0,392450172686556;-0,0617403877240022;-0,707499284809254;0,98755613882603;1,33612315976763;1,71778532306054;1,83832348203714;1,22927650652562;1,52004435855965;0,336073113998499;0,409374029342156;0,568673640864328;-0,115678409630575;-0,684442293296791;-1,16366076072796;-0,00329079855849419;0,238384967107497;0,93786463200139;-0,564659558667848;0,492132151187953;-0,994555100788248;0,132748577890465;-1,25049725112366;-0,482029089280294;1,29587570236298;-0,434075225788328;-1,44201411206248;-0,0419973227727688;0,913154279193089;-1,3569094221217;-1,30526286390184;1,82243941696354;1,78212570820738;1,54339690111698;1,92990739247564;0,592147239652835;-0,503232842611497;-0,896879444034958
0,0876337067503095;-1,20734429137066;1,2056845008135;-0,555796229318573;1,14726508933164;-0,0683147201698116;-0,552643886338053;-1,4978201903633;1,74248682497472;-0,642031303012529;-1,3809813602744;-1,57576811528845;-0,350891175420625;0,329533882550448;1,6197601758774;0,701012227007553;-1,1291013502679;-1,46540111573389;-0,562663266802825;1,43046692509964;0,980997763454416;0,178529770458412;1,79566771915428;0,0864037768089638;-1,23953815682779;0,858153903535688;-0,116571129667792;0,571703730525916;0,598919566246657;0,418475991312762;-0,216999445258408;-0,0310859041228398;-1,11738335511388;-0,673609437828233;-0,890840741534334;-0,810696416825964;1,14702866902411;1,51899026308656;0,422846733788037;0,715701681167969;-1,35883428969045;1,21460373430377;0,0708299863270021;1,18304786802745;-0,465455678181906;0,626460954676259;0,843140756652053;0,215650692928547;-1,4484603363548;-0,55624241877543;1,01961717796632;1,55980139155287;-0,590227549246904;0,0488805277393223;-0,0958515860581701;1,97799878043982;-1,14055898817509;-0,465807706507584;-1,07826292607998;-1,12903696766587;1,56588664191597;0,754131289331065;-0,0226752695228563;-0,589908177602365;1,80580973546784;0,578801479134552;1,52829120319616;-1,1342627572766;-0,507082182550892;0,675397249545372;1,59542143737292;-0,838988399434437
-0,185824692619905;0,584051600309957;1,20204661939691;1,55217101053558;-1,78863399114793;-1,29029990198286;-1,19967229385113;-0,184441787774318;-1,96878311196554;1,48543535039963;0,207434007589593;-0,719052569251554;1,1748666098781;-0,383966021361564;-1,28659363056596;0,832715771719382;1,4297883989697;-0,626391921642392;-1,28968503681256;-0,334126380570426;0,701304364144465;-0,0366112397280477;1,20111738883491;-0,663772737538836;-0,440403911163561;-1,31463527357043;1,38483817136847;0,859357924792994;0,855643419295344;0,396219477977535;-0,708264210639651;-0,568443942121739;-0,501295349141301;-0,280581795862974;-0,254594606305459;0,530486901748602;-0,112740214971552;0,206074223997446;1,47872387738953;-1,78777503771429;-1,22291377685525;1,04578737884646;-1,3998692011492;1,64727153853639;-1,38021009256955;-1,30925699310549;-0,0312601128203164;-0,159130016952786;-0,221702068391908;-1,30626310905175;-0,420821884152446;-1,56653562425508;0,251024273656247;0,0187940783824701;0,213237914105597;1,57979722968054;1,21576453345914;0,204250620266462;0,24905165960971;1,36190539780577;-0,759644131947634;-0,420431539215085;1,0018825250023;-0,23912778063438;0,805282425362551;-1,112583205601;1,71513369013575;-0,540433023692662;1,84843648170838;0,0452324304048639;-0,940407065587235;-0,668207125324608
-0,796806752109842;-1,78387334925409;-1,04851757167311;1,43085268060048;-0,821743546055913;0,929539937674429;-0,972603305109856;-0,749284179942164;0,390642008635096;-0,504118525585486;-1,13168620684644;0,136040648046438;-1,24885621917447;-1,28162116813217;0,975528556487718;1,2188865739559;1,45155844956247;-0,0992742550318799;0,525466213740237;1,56767129055136;1,45232899470444;1,17584240683692;0,421006068904308;0,9461000699661;-1,63267015680343;0,132961501216477;-0,942048429545772;1,0187492769838;-1,31941778553975;-1,07605122076241;-0,792719628860864;1,58906180991993;1,65983956571952;-1,98884396952475;0,529850905770213;-0,11003423778231;-0,946138002338371;0,267820753829912;0,197081811705879;-1,54178236347874;-0,83913388899551;-0,786160594125994;-0,79671347885689;1,47193959796277;-1,23522277892645;-1,27302060195904;-1,07770347135598;0,443902045552191;-0,325551164986867;1,29799891262824;-0,538600186828935;-0,175210820233583;0,692504426352675;-1,41635038848359;-0,307897418046136;-0,586160530771496;-0,588653663112965;-0,545456698909975;1,3598079672459;0,512137179180536;0,0723592941890717;-0,524417055322146;1,20180354214405;-0,824781180072306;0,92157845961945;-0,71111294767319;0,0949814049825798;-1,25147796768099;-0,518721337981847;-0,703142107115986;0,290253714972046;-0,680220371778517
1,43760456852959;0,968028872726759;0,491388739340677;0,0339584223778772;0,00957719324703274;0,962487467367088;0,231003398080224;1,10155527946936;-0,708312712554797;0,524640021191216;-0,683352224906054;-0,971856266046605;1,02461924646752;-1,78194170106521;-1,03080135936486;0,843375775627032;0,837193275808231;-0,226869787590116;-1,48733796925795;1,02353970788565;0,620527713370523;0,672907938845239;0,147208212932929;1,28904775599671;-0,594929552305544;1,36151113584587;-1,54075813566971;1,14756714609117;0,497041201569888;-1,44538622633502;-1,13832919927492;-1,68131348089355;-0,63086787427303;-1,56443642318963;-0,119553760723352;-1,7777193707164;-0,318075269619099;1,28134737965687;0,49649603051518;0,34575305167183;0,526987316826593;-1,52893204025411;-0,184957669813622;1,07082124331384;1,57693008825377;0,700985657839089;-0,186019240877624;0,978799235223489;-2,13407542677523;0,870269046053619;0,0800753155332994;1,44747858126461;-1,04645202139408;0,356496373452094;0,274316771695709;-1,62006551793872;-1,48191085270174;0,403562874519889;-1,18638196359657;0,0978875478460707;0,479619507661295;0,746540772902928;-0,789775219935688;-0,811243771154874;-0,134138528589498;-1,33068451090545;1,41615282763862;1,38173585479095;0,0408097152693437;-1,04165673331132;-0,786428191672675;1,01495732894119
0,781446164597003;-0,200919749380388;-1,68904859277077;0,365372069047816;0,00829150153804857;0,425756352795703;1,70698116557873;0,358516940786496;-0,538492781103412;-1,21975648614134;1,09966652464206;0,964433906541364;-0,0163380231164642;-1,26066006115157;1,30224779409662;0,982686488504867;-0,473693459575573;-0,452714748427858;1,41021831061398;0,978243493183477;0,46798119805767;2,11801771404965;1,50275110701648;-1,94837830897274;1,00265196813952;-1,66761184408526;-0,343233676129603;0,70096993647825;1,35868779275193;1,13520108621477;0,0894290425680022;0,773946760132172;-0,157209192076161;0,689288041890366;-0,67535996673141;0,662663922707786;0,519383629288433;-1,97681250207218;0,738086173218854;-0,199454032475095;0,924478607243035;0,0979207877131759;-0,867000479009246;-0,225000099993924;1,43789381561431;-0,139741591889732;0,761620450806859;-1,10810102270227;-0,354640846493174;-1,15257632075218;-0,581821052993201;-1,39081786521015;-0,323315341758604;0,232243040928728;-1,35558793960226;0,861136360448428;0,135771487376082;-1,50860481302077;1,26931120391401;-0,629497499813452;-1,13030424091203;-0,737813494411862;1,23244351150066;0,69300307947438;1,19115285815444;-1,51887216663818;-0,802502280334918;1,0472891232111;1,86915685222622;-1,4455273379886;-1,64585997043199;-0,390409967897959
0,98343927152034;-0,373623354077871;-1,39943463606475;-1,07803085571222;1,09295607710525;0,111180290599611;-1,3704338790419;-0,29205211707425;-0,163908434829965;-1,22548712355578;-0,636469242215567;1,28410253865913;-0,00667402522293642;-0,742719956771668;-0,224437603181307;-1,37630652357899;0,668661210496718;0,618004064083558;-0,284820421180642;0,511587928698116;-0,775481466048513;0,66184980202142;-0,519915768583168;0,0622737656408111;1,21840003148957;0,962343384287538;1,10247695321015;1,82855897406388;-0,464548454544916;1,74819591695343;0,0646849285525461;-0,691668535758646;-1,53230804264083;2,53285258901905;0,433394951410823;-1,00995248787028;-0,198458868466867;-1,15464569407232;-1,12017193720305;-0,842004684041977;-1,99274266236447;0,80467595468054;2,10141809294454;-0,992045682772387;-0,875207164022465;-1,32071043204445;-0,447781009623055;1,20590931431587;0,804917605280184;-0,186176297036524;0,058172496338955;0,166414266991763;-1,27457423105118;0,753506727619837;-0,609993519203535;-1,24018740249996;-1,54784947963309;0,935617377735269;0,142118999262146;-1,24541555583942;1,87222592983814;-0,88685226373791;-0,622191172574155;0,832998023002965;1,59074630952808;1,67771088011545;1,2288518316052;0,433220422462862;1,49568897254651;-0,653168233794064;0,849359467180215;0,0171776340903672
-0,399542992236802;-1,89192518339971;-0,0892326753234898;0,748807360179013;0,398707556239696;-1,45697500260359;-0,783849980990666;0,584631743456721;-1,05824403230763;1,30754670561223;-0,970642041869827;1,43043638625713;0,135506008990341;1,25044713882498;-0,862705916060242;-0,197056071484472;0,496366279463747;-0,778262567180555;-1,16266290912882;1,49486198866555;0,876765045331777;2,10327000197104;-0,916001813193145;1,20063362473223;-0,613103590308106;-0,234155861427696;0,0372058985892054;-0,974130960045663;-0,474146508748327;1,22387671873382;1,58362894896924;-0,0436929861188536;0,546536351252392;1,69686554276794;-1,2452770629313;-1,59536111574219;-1,24090366890346;0,0310529958441903;0,616786666735065;1,40319516158619;-0,76429158135481;0,596998103173289;1,00506937744602;1,68293833053131;-1,59701198974984;-0,863786386093285;-1,62751410276737;1,09706036545243;0,739169748780664;-0,683360623979541;0,71668827197784;0,0405023444601341;-1,29610809403131;0,911984323101971;0,366842584976153;-0,45816898402818;0,877182434299594;0,72174649626438;-0,532965682349171;-0,902298757154928;0,459851748621522;-1,41315024937142;-0,628644135146343;-0,378207200907428;1,51034895336502;0,693826835528737;-0,861538366136133;0,0418606560566424;0,989729204860473;-0,90081009440398;-0,746434950575313;-1,16853795501395
0,443760685678336;-0,863157104774267;0,426053113274981;-1,1798454854159;-1,17531206805524;-0,561089885965721;1,21602405326648;-1,32118021884802;-0,369265591338037;0,500867544356525;0,0749476690277896;-1,29944943523318;-1,07528666523451;0,0937359698897544;-0,252947568109351;1,69056462639019;-0,340649369671967;0,756752654368762;-0,62652626612191;0,0146202209851282;-0,917319760260151;0,245892199221935;-0,485804877431441;-0,793969219796744;-0,549591864394962;0,10685487488297;-1,50008943897382;-0,449842332998313;1,8813298532563;0,192133049657498;-1,42863034292087;0,0804363823580626;1,65438894700152;0,406779724638836;1,64561031988035;1,63393600527661;-1,0192069203756;0,307763201039162;-0,671162039141999;0,000436146912140592;1,29302747688445;-0,674535049427933;1,00455194821764;-1,55200639802908;0,503659154453303;-0,728140261587914;-0,902446029900604;0,206291699558086;-0,483376421131306;-0,401499749761669;-0,914287958523071;-1,28403413015116;1,76316775599339;1,30597729403766;1,75693927194502;-1,5643684211258;1,59778974501804;-0,530486245539695;1,19178973059752;0,601944023423994;-0,725245033284755;0,153879020561841;-1,30892425269242;1,66058388032176;0,251658621945654;-1,59405861815914;-1,17077183497275;0,363473914706879;0,21780737748697;0,0339298736103222;1,12859020111641;1,38303671035765
-0,366969877941844;1,21360124301505;0,402336005948314;1,34674970601452;1,15752917400157;-0,721490934503793;0,54126793163757;-1,74861233175131;-0,874459075967891;-0,0566365805150724;-2,07402198202277;0,388206424639995;-1,16948096007439;1,76612281610084;0,0849559281536909;-1,12283137110892;0,131909179460968;0,694135299356649;-2,35534817390659;0,940062818262036;0,695918220599252;-0,324661905421912;-0,937432325213272;-0,474233794525879;-1,19359349084935;0,588179474986629;-0,590988360105865;0,566341378439135;-1,64054306573636;0,732230008145316;1,67355476305832;1,21067317315488;0,217650026397275;-0,920500861849961;0,67798850881017;-1,49004355770138;-0,506709927417108;-1,68803682359686;-0,967318891816371;0,076958156006572;1,19402292236896;0,124637371579142;-0,461984982949268;1,00905198494673;-0,280837309015086;-0,0246240436169012;0,789445450073785;-0,116869566106142;0,334021222608673;-1,86705259771159;0,986718268481569;0,701059480506175;-0,388990735329379;1,408335396081;-1,40388181700518;1,38630586736542;0,470421690337661;-1,4404780687623;0,772867342616685;1,53138864049098;0,920620050280779;-1,48885238279767;1,40027180281028;0,455911192343116;-0,531289425318158;-0,872195213635378;-1,51702189935125;1,09068483807427;-0,598219908923107;-0,432115613265455;1,26128765666264;0,197901020423617
0,371277634309629;-0,383347612959103;-1,22860146763379;1,44390698381242;-0,959874930762299;-0,224014056368568;1,22266772817548;0,789054196545501;-1,10726589169954;1,28960876925163;-1,66190354944438;-1,38588775877835;0,464816153790621;-0,665154670866838;-0,275032802782189;0,428628059394771;-1,06839344806269;1,16170705822966;-0,124742773688771;1,40847815028514;-0,719193213234508;-0,857468826797386;0,778072330344181;0,364817707212658;0,991130440879867;0,497399421611242;-0,974946729709405;-0,810652108056516;-0,432540284132185;0,861522195090706;-0,797499830387345;-1,43469156250587;-1,30269849882502;-0,396662433410133;-1,72809248009084;1,69842545972735;0,646046369792763;-1,1353527824873;0,0964852598578958;-1,08957148250499;-0,612664492336567;-1,61908618062536;0,927638070516311;1,38820073303565;1,63035547910685;1,06378215287218;1,50101738517082;-1,01624443801476;0,660515454570662;-0,286543190699855;0,550638847365933;-0,377661326286401;1,3356034028164;1,39881293064766;-0,773399952603541;-0,484477139332198;0,435568967838784;0,049563015317446;-1,2121380792885;0,064870659960357;-1,02473495190294;0,346055000237754;-0,719683770532639;-0,410010798625516;0,112434734680862;1,339340390776;1,65118384076462;-0,661201208585199;-0,677039468147713;-0,318699784292278;1,32467287228639;-1,74166493791852
-0,295144509119193;-0,463014642014907;0,699464050631669;-0,69687551037764;0,676094817689695;1,36798798928356;0,717180084518849;2,07234732600804;1,59829341930783;-1,3385774466809;0,350158119157857;1,75488096330574;-1,01970887460837;1,67137161944525;-0,837274957028712;-1,01505152345498;-1,83013760789827;1,04184777381058;0,0616183466099359;-0,367168756378185;-1,38157064304314;1,99119002779119;1,59197733914607;0,838891060248478;1,0327323056481;0,0072395450227069;-0,0579109535431001;-1,566619993429;1,75128267806672;0,539156045706857;1,14747161167517;-0,602025153988405;0,892131432691148;1,60279288362132;-1,04336251004914;0,646279528756837;-0,448012776735953;-1,44490539556252;1,34829990191178;1,42218725806936;1,74166303314822;-1,04881240775563;1,59754980519789;-0,95846375493382;-1,3323971182592;-0,456773889624843;-0,619676380960209;1,11789828997545;0,905048654509186;1,28911067919792;-0,518088141194958;0,708438213116727;-0,891435485876849;0,787656710314879;1,58290999200537;0,38393535561842;-0,56263283667283;1,95794433948851;0,244211446875284;-0,606408000555098;-0,0346871226555237;0,560809802683496;-1,52626363498835;-1,58098702369892;-0,854244509930351;-0,347204888404407;-0,431507088667229;-0,0209646829239783;1,1598228328417;0,312238356011356;1,06256048047809;-1,45946957449166
1,23944571295507;0,0686010900140011;-0,207537376303881;1,24354023522556;-1,30463755475245;1,01209346040699;0,701866618612974;-0,546610292483204;-1,1621991654147;1,01747796581926;-0,383772215153276;-1,47790930630979;0,121529765927657;-0,751379871090478;-1,04167742593071;1,49645321441075;0,953103072882071;0,597729328531569;-0,774990434670584;0,0763270835664463;0,133881712483344;0,980434870645984;0,0240648798962232;-0,602685297521457;-1,25566217943043;1,48770813551086;-1,58226660921095;1,363218585158;1,87013916042106;1,19563842388717;1,14658499485845;-1,06328335832486;1,9981417479878;-0,796349156599671;1,32507536616898;0,939868577217259;-0,499993382722615;-1,20939369444267;-0,355695549521781;0,415706964469023;-0,672475978736336;-1,03785726381813;-1,36068378159329;0,772083526129467;-0,592657210200693;-1,26549162655444;0,403674293981774;1,45283030404633;-1,27954190959579;0,176434450075438;0,573394717682093;-0,735112512637942;-0,498492716153418;-0,300795302260534;0,229618951717622;-1,266498037852;1,7215004972864;-1,36739444892658;1,06164942850217;-0,880387251670496;0,89126336454628;1,33325883585353;-0,0734021600831424;-0,694488965350289;1,8739843101266;-0,879670206071908;-1,48423494184773;-0,483429276814949;-0,105994908198454;-0,150232575543774;0,462161166736958;0,541468001594014
-0,680821792503737;0,596339547863066;-0,741398709918713;-0,600323586004411;1,12204730243391;0,966039828716987;1,81145980774148;-1,57029950498603;-0,19598571575707;-1,25309123791985;0,842109090818113;-0,172778767956237;-1,00423823924282;0,308552634462287;1,20006480389984;0,607550352361889;0,106221773459165;0,578781107461402;0,727092288855381;-0,958525033132374;-0,437369523293456;-0,858006744333648;1,23261342619969;-0,312463851207996;1,16652708905712;0,843275311261743;0,645448701680416;-0,930896725842369;-1,61180101876959;-0,830162097541007;0,0553219828144925;0,539835975576501;1,57597100880685;-1,25161617271782;1,53665114512277;0,391500678709619;-0,803170126706975;-1,36594791280069;-0,532186034246651;-1,31942823819483;-0,916973043629494;0,238518186311356;1,1157457864601;0,60737557671344;-1,56981037481968;1,49173064892833;-1,33396954271816;-0,36291679825079;-0,324495798443879;-0,0684649214303331;-0,165001771960797;0,688787702386638;0,479841242000728;0,237127604554551;-0,916117959521251;-1,02513102683426;1,27011233137226;1,41297311102555;0,483390287746397;1,80333212563624;-1,7710288669706;1,34565319666939;1,66673737596213;-1,33032516498366;0,336158800585294;-0,886654501588492;0,159247346248892;-1,50387357374844;0,665667988308822;-0,877852960925144;-0,029387727374809;-0,157765626306458
-0,279540539001766;0,489742301992106;-1,37156097946017;0,51222230271135;-0,749111285542706;-1,03162495468868;-0,70217522599546;1,2706992071788;1,25016257126548;-0,627548229042421;0,907379657249628;0,337995104847071;0,290803290699039;1,43246518465035;-1,60645482486861;-0,216930472006018;1,12278229394363;0,877064824199604;0,888333319406555;-1,31669383184639;0,594700706789109;-0,560100439213664;-1,17714316815977;-1,0384060777631;0,921350671504861;0,747771579942175;-1,62173274408876;1,65662898409308;-0,609851651393431;1,61770211266175;0,814362328535546;-1,41947765968176;1,23344145265193;-1,29934884317277;-1,16100624035186;1,26755263118164;-0,431364995313972;0,252838693132814;0,768871820198696;0,369080615680745;0,320328331519705;0,522646189842021;-1,14504993050576;0,43896084499369;-1,77683695971996;-0,621200071831187;-0,545582299069053;0,834754702502702;-1,59809192271698;-0,949083906837667;-0,579004294059965;0,931820043888962;-0,283099353967412;-0,61161170887072;1,11800776615335;-1,76720194260558;-0,17194169259287;1,09587038045878;1,91894954810085;-0,273539582464152;-1,15786564967675;-0,380515423562164;0,405078900395989;1,45030315927198;0,673963447460538;0,950449838301436;1,00307000984962;-0,348822107639775;0,561721587914173;-1,5914410161054;-1,53311843514273;-1,09025430446787
-1,30951317432549;-1,24121860145786;0,664916136539691;1,69787779801965;-0,777028843421413;-0,045159088027721;-1,19281434431325;0,0477880098542049;-0,238805134970881;-0,603962770733013;1,28992518143796;-1,16819680201627;0,227436130210848;1,38362682163338;0,482018991456714;0,217188581925224;-0,122740066978442;-0,95024634211179;0,204819632063831;-0,0552982917061764;0,879952542344223;-1,02125327666388;-0,19929531899253;-1,19945319334755;-1,16600892911917;-0,89946420703256;1,85564450646306;-0,34506856224044;0,148523923062506;1,70950011193141;-1,56792762605423;1,69352070704475;-1,39612089925524;-1,18744866895704;0,740286779931031;-0,604471078935783;0,462739132983204;1,05627004648861;0,796084850196576;1,83734191679409;0,677821706295173;-0,176476403743926;-1,11774442030771;1,33563506666225;0,0929503403047315;-0,437849527242713;-0,551320671174144;1,23991466994271;-1,66443126041327;-0,751752837604255;-1,54613223277907;-0,17746040752178;0,326020580651094;0,302580976164886;-0,0560421355641702;1,52107968304343;0,714006674759668;0,376983515202056;1,39672208806453;-1,63259806206602;0,181629454007216;1,07300264964914;1,84680455422638;-0,0456579153998017;-0,759931878067376;1,50865871071093;-1,40236336551858;-0,153687303399081;-1,07329577619743;-0,622210131066086;1,65826423360793;0,45857777082919
