0,365537540241929;0,286183960404983;1,0789114734803;0,179588031258452;1,395163214725;-1,42643641863981;0,612868137826345;-1,44796861912941;1,10039861974027;-1,07295098623266;0,164544779630588;0,888110583087018;0,783858368774155;-1,31423304694269;-1,13190310028823;0,917118669743929;0,795054570486546;0,475083440935028;0,510498723920553;-0,681896504305763;1,29585764400083;-0,216550581202731;1,32269635972023;-1,32328637948076;-0,453221139504309;0,0502785230704707;-1,27836432134582;0,697403648729683;-1,20465339754953;-0,817898077362312;-1,25889046040345;-0,363463048456795;-1,50476994859968;-0,0156306226568864;-1,15630367535783;-0,882768223358329;0,668581354742947;1,04315698456079;1,21082381800753;-0,447033336680695;0,568729508223118;0,803564562970019;0,36657566972474;-0,954267057026006;-0,589246273962202;1,4634969082822;-0,689555697158957;-0,711003503564588;-1,01814073456971;0,448129553598708;-0,165456096688555;1,16782439301812;1,37453928877522;-1,51645841678969;1,45635767583328;-1,2185589832862;0,470529852411037;0,601550748230204;-1,1678379339681;-0,455762413076327;1,35897015443229;1,42250674082294;1,2637270301464;0,11764959237172;-1,61470763056007;-1,27263927664348;0,592233426955842;-1,00115811329982;1,34911288014142;1,25790737479638;-1,55210978972988
1,54142035694264;1,01702649085303;-0,719077737611861;0,463331148286081;-1,21938428809549;1,18114396673004;0,699806275508311;1,01885492104353;-0,252967835887736;-0,953184638251883;1,19809772559512;0,0960700617908257;0,03086147237999;1,10660353661466;-0,801405851164389;-0,0607813584190818;-1,73621466249558;0,225283593030243;-1,68183632734034;0,352920137931118;-1,6767010887486;0,62886537581375;0,0434216696126338;-0,133908125996701;0,890092560954609;1,31337619400327;-1,48109517531305;-1,03856261226676;-1,01388013475281;-0,811848844951132;-1,41369458285874;-0,40717487772936;-0,63938254206721;0,4022240163107;0,276463250330281;-1,32237359455854;0,636026746165275;-0,0982821919043257;1,22431877678419;-0,495741289976943;1,80200097170523;1,62384897349971;0,992914680983477;-1,0981277650892;-1,29789138100404;-0,127538035641501;-0,233077239996173;1,01572496228539;1,06080002067816;0,688027418450803;0,811891197467023;0,693906629717934;1,5714424017172;-0,561394219706319;-1,55359630560026;-0,836229172439813;-0,775179332328304;1,22305397636103;1,38146217530766;-0,724536894122568;0,913454988474393;-0,0104152657936345;0,283950902227634;-1,18990314450531;-1,28827420896185;-0,143511550244219;-1,01333154971067;1,43686104404548;-0,918643867284322;-1,22781641017455;1,11141548339183
0,110016483476604;0,764183732039041;0,572653055241305;0,303381767988513;-1,59233849243794;1,41434608775306;-0,68609260552093;-0,663122605794302;-0,812973165258414;-0,271511200012649;-0,769399024345661;-0,362442088393146;0,0445123646905484;0,124548117715306;-0,370877574160266;-0,238810861117584;1,70724406979251;0,147639759358757;-0,715639314336314;1,2268238754716;1,18603887983471;0,27198536090788;0,140508649744615;0,344219583946061;0,000808246273366117;-0,483003338256119;0,380062615747972;-1,66023459924533;0,605126270997399;-0,947961219382222;0,0772457152260588;0,125675565721468;0,488389860202665;1,35358910222123;-1,19799099743795;1,66905928566418;-0,8829227148179;0,844558087995289;1,72436214104485;-0,54780987605213;1,61513777876186;-0,00386213512881596;0,308182657727051;1,25240919082545;-0,214584273678997;-1,56749242074863;-1,6730452085387;0,379861138744466;0,774564648980725;-1,82740099962155;-1,02204306993235;-0,595707337739665;1,49779107914997;-0,761234030516354;1,67469166001831;1,62512747426928;-1,23125055504851;-1,62649216604769;-1,55235211562779;0,677761197518736;-0,820642165337845;-0,880783643618534;0,518847474908858;-1,71993758321913;1,43833943646185;0,89202176163343;0,936264403104749;0,478019614169877;-0,53238652218968;-0,252840508123887;-1,21081378364262
-0,973905613752906;0,120434694234925;1,40248264782113;1,20184876823334;-0,676150297695625;1,522263727272;0,543407846539333;-1,25042872166602;-0,331818599654811;-0,676022123816694;-1,75873919500476;-0,660388075812414;0,454600236329206;-1,69151039514512;-1,14655656943801;0,306620463684471;-0,621804372404996;1,26300896379741;-1,01374626965795;0,880267558690763;-1,08229788370318;0,422189833488704;-0,806548823854389;-1,51065379106556;0,512286906502209;1,07955293190794;0,0866026484103157;1,38601148645089;0,548225679091783;-0,723137285488921;-0,402198735522087;-0,928806055542065;-0,824016381495595;0,994127283956329;1,52808195776744;0,821693662427587;1,44466295928529;-0,410344459148092;0,370145176719056;1,44075396617305;-0,179603687596907;1,25457553337942;0,403430508957609;-0,537158141517693;-0,817940670489783;1,3431060235581;1,50173769772352;-1,70349981657166;0,625478411184058;-1,324830402108;-0,356146163609581;0,656176910153906;-1,30063009070621;0,373858753047108;1,46469885731597;0,159106673632047;-0,831939014607109;1,15421390619027;-1,0693606709653;-0,200501108729904;-0,32326145383474;0,712598480962099;-0,243452279884142;-1,36760384686231;1,28137873257905;0,72526898141096;-1,59529422701324;1,01567507324653;-1,6643902320389;-0,413048110991936;0,417159625272841
1,54248546450605;-0,963483472469041;-1,00117773942415;-0,774092883054627;-0,867786017646126;-1,95473955261879;1,47679053954164;0,996732424353125;0,840116808506581;1,30351826975139;0,0540073800838469;-1,11354977265867;0,14807883260416;1,36610922710445;0,582062076792805;-1,55435543825168;0,423866206113981;1,24864643322362;-0,42356125892529;-0,100752734817384;-1,64663668060233;-1,22867240667307;-1,32888608886803;0,0244240258604313;0,770506909887264;-0,277212498979347;0,0323836726739028;-0,279979557647923;0,0322483221150995;1,35620547031086;-1,42480605245621;1,73793500009788;-0,798298328125986;-0,193173540204298;-0,145429220805776;-0,249760206831288;1,32716584944854;-0,759306569107525;0,571426223966716;0,177805930839617;-0,619295156872422;-1,64518983197385;-0,251863456404794;0,270043315822001;1,3803409378535;-0,035710449844925;1,37677506254958;-1,11607101305329;-1,08631142606347;0,419463876642314;-0,432034514723165;1,70408902294682;0,337036371634259;1,43328076280446;0,162341488524219;0,7951447805592;-1,61061047422093;0,756684470988512;0,237686443331198;1,19171271760631;-0,204836989019608;-0,219242993430351;-1,01152898838189;1,26619757446881;0,752311231587681;0,0983586162590535;1,4670347917404;-1,63476071781146;-0,464474642709688;-1,14419080699582;-1,09923505142714
-0,646145134619782;-1,14881544554235;1,31480990124285;-1,30646384579741;1,91083839223961;0,941803735880805;0,323719149909263;0,565155152964526;-1,02065513546681;0,269018170649943;-0,680637998209613;-1,02054136963313;1,52757227524974;-0,0450031641157969;-1,19632120788972;-0,429831729554944;-0,30482636182509;1,55906715091908;0,977803618590675;-0,469620285769928;-1,25486183185108;0,921750613336488;1,29601333215539;-1,44148173011776;1,51481894098782;1,28272574533166;0,404062908088664;1,43313654512043;-0,547976593261145;0,419279339591257;1,1703567710887;1,26490657133139;-1,76413843762442;-0,31279563326252;-1,46317718583491;1,16175903513879;1,07386768154905;1,05035598376888;0,304277601745857;1,90201037915006;0,129946513915763;-1,49347003844744;-0,423290893092376;-0,765126958767668;-1,2029606900929;-0,87736986732203;-0,478711533837678;-0,377103971126207;0,263661453426524;-1,15253826770375;0,0822535569570484;-1,12939506133626;0,61456257477283;1,38667982268946;-1,51733270982316;0,344380106802271;-0,532552922939199;0,934649292448916;-0,909006932026688;-1,19352969200374;-1,28390151111955;0,802858459547373;-0,708510592686016;0,472341379700474;1,01093725431978;-0,0332687147824618;-1,0780452709204;0,0187255696005687;-0,403468317192575;-0,445804388269979;0,40857644365455
0,577225759984225;-0,42572286822067;0,961804962942681;1,25149603068902;-1,33250790282559;-0,345186923744765;0,293820735490038;1,57367365583396;0,589230450977685;0,0263820466481951;-0,848358013320647;-0,501852856084356;-1,005950905466;-1,24468540367706;0,506744714559818;-0,965097247949576;-1,02510219748266;-0,47056544523692;0,173550928709755;-0,0335169438748281;-1,42119797744275;0,20300013412675;-0,208867032857176;1,29750581698321;1,18604680630548;1,08606170322835;0,987303283756654;0,20165364230308;0,742747291219887;-1,3663570758403;1,34263102428287;-1,5219027955987;-0,912340124645806;0,393462902321093;1,36279549464085;1,28453470850835;1,45321994596774;-1,47942141082599;-1,48680052525239;-0,812830108678164;1,09758061067034;1,12697925390992;0,466243785173048;0,775199532806602;1,56929669008602;-0,24704299733195;-1,09160859774234;0,200854060767826;-1,0699623536529;-0,529913080257389;-1,4022099807165;-0,978048007739128;1,33303850818263;1,50232797048897;0,320466269100348;-1,17120328014934;1,56966104093787;1,45081602226083;-1,47997968162328;-0,632052729752579;0,45402666879994;-1,45326181281986;-0,714502541392741;0,410158620811166;0,470267898666689;-0,87188412372876;-1,13494163744536;0,387103068514271;-0,820964022016553;1,00872688235283;-0,631800317615956
-1,12845849601363;-0,568142282820009;-0,597911337416485;0,613098526371395;-0,799947029727328;1,47848183667667;0,759710949686718;1,46995894672093;-0,152474254837416;0,589986582145888;-0,797273988990076;-0,31348838135757;-0,312446978948503;-1,54573352100635;0,732588198133087;-1,10583781089542;-0,666817965272546;-1,50869553285847;0,945300665526455;1,45666145057549;-1,57908728012861;-1,58092767886182;0,888661577157452;0,477725780713942;0,962096363985449;0,254755132764083;-1,52555885840693;-1,27742080094577;0,852746937300019;-0,696113376511561;0,266473997186373;-0,562575173657826;-0,331795565611165;-1,47988717404979;1,43076143721083;1,29339969918971;0,305215653915795;-0,736986678212864;-0,502438317721955;-0,945829821247567;-0,81645771383244;1,67724804674774;0,377228888720642;0,480281138154983;-0,371931176458817;0,564884824024732;1,30049960446954;0,332785190455465;1,4368620811139;-1,3855035645561;1,23562839431684;0,272757284203669;-0,0634064477175946;1,24971493557416;-0,672853756110327;-1,12901517753417;0,284172229753621;0,665338971600655;1,39197825211703;0,686273927239671;1,42255633470125;0,455647390250138;-0,964272350961437;-1,03784523870821;-1,25797177542284;1,50627727439883;-1,56317717612876;-0,414044165281064;-1,2355188684861;1,18016458867446;0,329922624919871
-1,72498283694137;0,72632852089086;0,262406152222234;0,6793067718967;-1,72939599144488;-0,31256988929389;-1,3558601732806;-0,874253087404357;-1,36804985638961;0,68323231753005;-0,203634982732228;-1,13780254019417;0,641251280003301;-0,283740906184882;1,81769529352268;1,2797624778479;0,0984998299751378;0,943760422327873;0,992163345081221;-0,70009859189307;1,43151597280386;-0,498989321189287;0,527197972132254;-0,760292504158004;0,436183403691901;1,08137811967452;-0,257159486320551;0,0955562984658121;-0,225314896264168;0,520992075135308;0,0696802520480423;-0,0899250703791696;-1,5214062172311;-0,0476551130936527;1,19643698164105;1,3203701680101;1,41740504404898;-1,1924786432988;-0,882058174329727;0,829380803612192;-0,211100399064438;-0,2767039220612;1,01014348969053;1,81477646201354;-0,120898610572672;-0,24201086037451;0,0553591689779591;0,900054256616367;-1,4416269946764;-1,51292343713692;-0,0555312488232122;0,353366442462841;-0,591590050763874;0,111019803823534;0,677572696125058;0,598559327233395;-1,60243408659569;-0,778865978974054;-1,55844126714949;-0,986221268133925;1,76914244001214;0,373136371239065;1,17561465184529;-0,0644890885394422;-1,18801256987228;1,71084293063242;-1,41796095831736;-1,11265824225734;0,344374955159542;-1,30423950984171;1,6869102767844
-0,383551852866898;0,146355170297534;-1,50134186455627;1,44556107150737;0,0298411406457564;0,434835669571296;0,654346483320273;1,29655254615494;-0,990684044238413;-0,646067520127957;0,783508810450541;-0,139617904232409;-0,38689070268183;-1,09141722198517;1,64897937776821;-1,16558510929935;0,312679654860229;1,21151032001813;-1,0702598532964;1,23322277622771;0,513390727086776;-1,30003581455385;-1,55942063548896;0,998955246530998;1,35120092746873;0,491125880181204;-0,597902280600899;1,31246981356438;0,115202522282358;-0,497519263474597;-0,50537878301158;-1,11206898955407;1,793928696597;-1,24027104629016;-1,21176526826873;-1,33654606979259;-0,625089717813791;0,716808643546014;-0,898816104278419;-1,38209522194178;-0,189626609227389;-0,015860748486141;1,49899096981475;1,72131657105412;-0,570982128507079;-1,03098541451103;0,011364002610694;-0,512775116192857;-0,773660405625504;1,32035000764305;0,334811858804796;-0,26153205123109;-0,128839600479448;-0,473058724364858;-0,382337739653566;-0,746139018854544;0,0431528252450002;-0,570248123723346;-1,56826283650286;1,46876424782847;-0,629885030369299;1,27192565711981;-0,481272956668913;1,4368842066001;1,78936025024754;0,232954819463122;-0,00349761346548916;-0,809242636933162;-1,54227493425793;1,3229024670193;1,38955359587836
1,25705071844191;0,277334756101;-1,35685495032075;-0,347337741849915;-1,159300915879;-0,919060924337411;-1,35676463763644;-0,21368699181728;0,524358880947542;-1,20426938618435;1,54691009579405;0,255348997986976;0,529209355091004;0,867967038104591;1,40269037204688;0,730854099155685;0,419683970095571;0,844703744129908;1,20117154676646;0,370604108743474;1,57442892448692;0,436115957965328;-0,527029328595503;0,940768512328639;0,296228461219526;-1,21730813993868;-1,58376957139245;1,56243291732815;0,893767259480518;0,690638919303568;-0,894562535124735;-0,704752816022466;-0,28077068093326;1,56137897190501;0,54196613461918;0,979817250757061;-0,529885748651496;1,41228711818464;-0,957779571736457;-1,5285857363959;-0,373696022678821;1,19032571711713;-0,45456112400114;0,769183259327446;-0,624460140940075;-0,86929150433596;0,528276201039968;-1,3320208014988;-1,54646857973067;0,975610875654057;1,07192970993784;-0,0852261618624544;-1,10776001525793;-0,938226797297305;1,18297361764557;-0,819267803910558;-0,835838479690634;-0,673363003963414;0,98069425561653;-1,58219534032746;-0,975493917332093;-1,29493709627862;0,516806207388172;1,45798042032994;1,31455360762635;0,611460347429379;-1,1040828854669;0,59209084187196;-1,31420166090172;-1,21732944309732;-0,379462716579954
0,482661776280802;0,0106308827627886;0,943148604017366;-1,05353635004027;-1,41577019534042;-0,906331634735162;0,177335418623131;-0,227965459985569;-0,62993450880824;-0,274577541230199;1,22770570170326;1,32443688648752;1,39857167267246;1,09743111808693;0,666964928607521;-1,39675930099967;-1,1408714698462;-1,42150026993099;-0,433113769164451;0,0238777876280481;-1,65775689226242;-1,36801198513438;-1,1740986614869;0,924658551196598;-0,875594803080685;-1,124717237651;-0,442478891109843;0,9324236870425;0,237968471278788;-1,56592638312452;1,41670260225207;1,46295820801668;1,1498776907977;-0,439308952349181;-1,35928336539696;1,23197154604403;-0,728862479241573;1,43831440672116;0,65082046958605;1,41074140043429;0,310409963772815;0,879105120371135;-0,338438473059104;0,0117453991073279;-0,880405511411641;-1,29838633309683;0,449467631206126;-1,58581887185306;-1,29959057674609;0,0570643853605179;1,35885551866001;0,0623263137695404;0,439790816410359;0,0802192918692409;-0,67846477833697;0,0486282469179711;-0,617315970247522;-1,78355546167644;1,30293656927231;1,18982515854248;1,01702537260658;0,725789847812526;1,01494418496754;-0,86605364018093;-0,210402027250378;1,24562560991848;-1,62748631880739;0,0358351105244293;0,654668968986675;0,915871498795385;0,812981294473801
-0,671710878160278;-0,0719860999641665;0,198335240426417;2,04096579155105;-0,62163311969021;1,16179642714233;0,976896513539061;0,631382642728386;-1,00412753033186;0,517410176689573;-0,151571834142905;1,13655176166555;-1,2903296838361;-1,08062142342875;0,0981271362515106;-0,293760503469795;-0,238752164927041;-1,22140600110654;0,714145332869421;0,683708003090779;-0,256459303238942;-1,34419651599646;1,742239344063;-1,03852977626728;1,8885126883685;2,21926646029492;-0,880099800039032;-1,24153040491735;-0,135536430150874;-1,11498372563957;-1,01496450537726;-0,270962060566925;-0,241351478884341;1,48558797151322;1,40294894177504;-0,730834174606846;-0,554538064760961;1,06175283149476;-1,05769402214859;1,90354355010306;1,30049570652825;0,266110528864179;1,66920207811743;0,013830515198614;0,47835515518916;-1,15435943286306;1,6146505356692;-0,820661580705353;-1,22364063209595;0,891024503884317;1,32090694618385;0,387241233042097;-0,816103501233025;-0,476610334303285;0,341816886834526;-0,831890455728301;0,565766319569407;-0,267511076870784;-1,35192299038193;-0,460907816388559;0,53752013361688;0,714050824891932;-0,737457020685223;-1,39351989825677;0,027998588502352;-1,38498586714046;-0,12647285301459;-0,395925891752744;-0,10357860160722;-0,675414782706126;-1,24359853227332
0,525667730747369;1,54636675684074;0,625427827411872;1,139560993946;1,22415694768093;-1,01229810833422;-0,242423807279777;0,331385407085024;0,937801072485835;-1,25145034532633;1,63999165008035;1,6772969978783;0,771635495667218;-0,493767676859409;0,434353087962644;-1,30485104969591;-1,58308714730207;-0,767355933832657;0,212287983039726;0,529173489120428;1,43564518520352;0,372860894188608;1,15751985618929;-0,56780092677518;-1,2677656864636;-0,893241305719068;0,955623778555397;1,68063862209198;-0,121271445906313;0,770445230271696;0,0109276723812677;1,04950828547934;1,20112102869157;0,122306129832716;-1,57755504348784;0,051110202035541;-0,108405075643055;-0,317715517611529;0,332534586564196;1,51514613451029;-1,48748605689092;0,67820524813377;-0,901877713776514;-1,40028545776985;0,0924171082551405;0,213614409481215;-0,183997966302474;0,492342175482422;0,840568566843442;1,3110880489811;-0,768367570175784;1,66164602468099;0,944493686968985;0,114170269002826;-1,30245990880559;-1,64151356157878;-1,4054734974861;-0,601091643950492;0,613006282272051;0,323077855262452;-0,274562093572464;-0,229702636054599;-1,34166354514621;-1,6269645559234;0,430981775609555;-1,20383703353654;-1,31814442895081;-1,14499103230304;-0,710533031509108;-1,41107751221044;0,496913819264298
0,635888675606673;0,821306554172806;0,593885867111238;0,405463557036629;-1,00546382636915;-0,425842245683024;1,01180527613791;1,31394973168426;0,393856024652482;1,25901797558134;-1,33506165469547;-0,912878628676353;0,448782510780691;-0,129953024471405;0,204116299148876;-1,7364918132784;-0,636254325929056;-0,257739868070965;-1,7824942323225;-0,222088891309296;-1,30211404939867;1,01085631856102;-1,84356226436343;0,15116968574389;0,644391093761057;0,409059446760136;-1,04171474498608;0,0018153195979708;-0,401734571668961;-0,137856831002405;-0,777387102065425;-0,506363577767055;0,668760706991255;-0,941894321490523;0,713219441985624;-0,657290181544606;-1,23342263498871;1,93250845319746;1,75613343451558;0,796609825823752;-0,376560088084819;0,222587316667944;-1,40481700894136;1,31303030853056;-0,67039982595766;-1,04231883403484;0,257960300443827;0,517022439760452;-1,41903166842141;-1,3102014352076;1,36934978036049;1,18484982729986;-0,71146292480834;0,851054906313119;0,161074059111518;1,67874161759049;0,810710498444008;-1,41144213872488;1,81478172382041;0,639185987415547;-1,23828582078917;-0,844168363552283;-0,138474016739008;-1,32244546443734;0,182246757554535;1,22501118361642;0,472069924877228;-0,463481487821014;1,21053679408781;-0,992751839398746;1,55064008225514
-0,543392669347378;-0,0506903424793014;-0,552574988441955;-1,59526292138128;0,383659490328467;0,412523490924041;-1,06534365136559;-1,00292713937416;-0,234744079325459;-1,5982570619765;0,353438107928098;-0,47081143074231;-0,925768481192754;0,399193586242951;-0,00484092144543916;-1,55030873050977;1,57562142621476;0,758128338703623;0,880170777575529;0,434005660415974;-1,57435370229559;-1,62788939088948;-0,740652574385478;0,0744200355052936;-1,3172195022445;-1,41182559677927;1,66434562556807;-0,728367099777098;0,0544957348947285;0,392816350849244;-1,09183342505268;1,12169434602636;1,35897956768548;-0,802737782367521;-0,0592064487011955;-0,715731590784393;1,57227044709366;0,532454876612248;1,41078665369652;-0,740404697456722;-0,0332873536029619;1,40109092003031;0,0276567961247012;0,347324509994301;0,198476148031375;1,37267391324011;-1,01567075682061;0,0779929013825442;-1,6518211159717;0,819547220706853;0,494966892400696;0,481756970701078;-1,62378451417721;0,335925280074242;1,13272745787057;-0,64792561861203;-1,04246010824795;1,11049066529245;1,45944227010292;0,0630627469536097;0,485663554595666;1,4005091376512;0,680062814970807;1,10992525906499;1,23106205231588;0,969229451141438;-0,0923053091880978;1,61445499041446;-1,27402230520998;-1,02153167081518;-1,38509348836374
-0,931972399731446;0,953822965706252;-0,31820462539969;-1,54410810229031;-1,51522681740718;-0,112215728892548;0,491092619076135;1,51571070769683;-1,21169474340904;1,22647820196356;-0,354582347831105;-1,05922310881029;0,834352511984974;1,53899565004953;-0,0250992653601083;0,877532774296728;-0,953351110270035;-0,409760998326037;-1,41503586567401;-1,69352380128846;-1,54996849709651;0,662219665984574;-0,608237377607738;0,344305991948383;0,123497318189419;-1,27439557233257;0,497160706563369;0,708192916004008;0,828291657089117;-0,48359861473588;-1,14816356627801;-0,603675858999881;0,977600380375707;0,30263859847924;-0,782034106073245;1,00653337717078;0,04043569167986;-0,338954703347454;0,479140006961685;0,871754526339356;-0,15093174416617;1,11297004684308;0,522895642442263;0,288819170542022;-1,36931331743575;0,307779916375127;1,33679679115644;1,08908409521163;-0,90646092189959;1,60099169205568;-1,38490752642751;-0,114264390028107;1,50905330914501;-1,63247362971638;1,52592071872161;0,0533864409080844;-0,478765735688789;0,985067889276032;-0,0200269138556238;1,40674726154949;1,03820207116819;1,43047820969623;-1,35340702839507;0,919482377950947;0,333815689238787;-1,791732567834;-0,389244982561897;-1,50911216549704;0,280203677119994;0,615945864093215;-1,20372899638591
0,942379324262697;0,656055447879234;-0,802022523660556;-0,0257814212776615;-1,19436639547699;-2,11866281591086;0,647548753783115;-0,476583479174745;1,39101243910685;-1,1403921922655;0,965819957842829;-0,579810082995534;0,777259655240516;-1,32386932895323;0,504814125782404;-0,620466787826299;0,45846965449792;0,30727696623105;0,711838601328203;-0,714734403111501;0,597924651119313;1,25056986240407;0,615682632976065;1,40961541203722;-0,0662706907976441;0,308585595517338;1,16956717395431;1,53629572559112;-1,82337842642595;-1,536949148976;0,704458889244093;-1,42027749381985;-0,0047270378171749;0,661497187741865;-0,938975077104379;0,672701709506031;-0,0232231514006704;-0,229039828612094;0,386714385961921;-0,224926023231598;0,301012811768273;-0,895208729091501;0,0360397546420931;0,208435502891655;1,56502513007949;-0,327393880543851;-0,740998600734074;-0,116332290117165;1,29131598633657;0,199529426286219;0,583467137569578;-0,43342520720954;1,02837113924876;-1,04207302799001;-0,405540913825229;1,27503911035576;-2,22361286529323;-0,628408287200634;-2,22349641067642;0,0802776575028059;-1,70500034136803;0,694482676689138;-0,917190732945198;0,663975907886454;-0,261621433012452;0,122111771466281;1,00814660331878;-2,14822321269775;1,19833539664828;1,41534206477351;0,98598601207151
-1,23898725242107;1,63986076892015;-1,00603103836216;0,764776773478849;-0,486043534059307;-0,746428789089959;-1,50092309985971;1,56885633994413;-1,63749191736358;-0,900588798975812;-0,679726313269494;-1,65257973896883;-0,17652509004103;-0,267657395086066;-0,818062876608697;-0,574426452417962;-0,912026742194782;-0,884276213890368;-0,355134879057285;0,825382889599201;-1,31592836650471;-0,017502125266688;-1,59514145525166;-0,498248657060237;1,34636307375681;-1,86099553284387;1,12722866178605;-1,44222046093148;-0,53297964150844;0,465894957880361;-0,566334681872398;0,485402871579942;1,59818778652262;0,979073965353617;0,137163359811857;-0,0964380156163102;0,320018636131857;0,209797966502104;-1,54011664299575;0,290954607032167;1,37121952623406;-0,207666618448878;1,5078971833249;-0,671520743705912;1,03472291246452;0,654512019831419;1,26781600481145;-0,758922238879294;-1,07358879167715;-0,958584531450669;0,207112297286674;0,825032523040696;-0,172027319727546;-1,14972860268207;0,59030242329713;0,492618606013065;1,35346210249659;1,20632135186553;1,13251743288949;-0,506588122890657;-0,159553717708561;1,65540109423922;0,220295859777351;-0,389283142076497;1,37984961606403;0,548974548318013;-1,536663792324;0,558504677772802;1,30928297826953;0,992478872175061;0,819658644617629
0,610022308070232;-1,1396506943388;1,0678830451015;1,16436916040148;0,623075676541469;0,221610950294095;0,800779317233388;0,214323196923943;-1,10499307296135;-1,32155732919625;0,0444341337685433;1,33491612248211;-1,36123574552392;-1,52179007333695;0,350607154190322;-1,13812066322281;0,87382107629544;-1,39668517833628;1,34759747648713;0,294273459511667;0,836695188615372;0,801646700502159;0,695001002235687;-1,33726799104705;1,4161932358066;1,27781451084267;0,0550491572074232;-0,284598137672375;-1,30335200238658;0,337998545548471;-1,08818882316755;-0,300800470064458;-0,298743229647265;-0,021732981404341;1,31900232537248;0,202831743576308;0,496247133958697;-0,541205739187094;1,67474173317845;-1,47835424934331;-1,22902302441244;-0,784179232410383;0,464106104442544;-0,896850163719007;1,53170098489345;-1,47256539240245;-0,157598496925448;-0,583719861397436;-0,753454788435791;-0,0643841181517807;-0,623054784185327;0,203352457151507;1,64218670627632;-1,06993741231615;1,68186099247604;1,49807304485968;-0,144954259282877;0,634301372350898;1,43787336188649;1,03495860299041;-1,60428787071098;-0,685472208891892;-0,253174464487136;0,246705818781794;1,45632893126291;-1,42561505996465;-0,137190311668276;0,350194673172037;-1,15109496141782;-1,62307425318364;0,055329640110106
-0,194373874448405;-1,18415090115437;1,16686215561771;-0,0899171648353856;0,00422434669943592;-1,23391400377856;-0,0237767894508825;-0,988822975156882;1,22745717228202;-0,174705627576112;-0,943294014691081;-1,10722253800462;0,583773977950848;-0,632359667288019;0,533052071740272;-0,0954516982334372;-0,815532499326724;0,135510736515587;1,60634449055423;-1,22402941192256;1,64591648441695;-0,13027256501409;-0,942315617318261;-1,43806876499327;1,25470037730358;1,26680458773967;-1,34982330410975;-0,491197789893686;1,29360018597927;0,490761976766277;1,28919873716896;-1,01217363655617;-0,720573483965465;1,66361106346861;1,52128806883056;-0,0303076302764877;-0,993158208069527;0,985686703565865;0,207756668215078;1,26857957521877;-1,52672205741221;0,190136527828412;-1,25087121717056;-0,237433630704192;1,32353144302028;-0,964758708459613;1,09999437237742;-0,540272288225992;-0,53866050145658;0,648069574166409;-0,727475824723258;-1,20829842939515;-0,788874356093127;1,58614206230728;0,335491307614488;1,7150075242172;1,53727354981541;1,04536356873678;0,434491291512551;0,516528592611281;-1,44365805154303;-1,09214635143141;-0,503314327484637;-0,822872156358467;0,315204468906449;-1,49068773000912;1,39245977961236;0,699271748133759;-0,374538902467059;-0,99620764985745;-0,661860842038119
-0,138005970851529;1,55380919130919;-1,31191493936759;-1,34623345596075;-0,217927640760913;-0,545905419457099;0,934769390251163;-1,07774701427066;0,52933893142375;-1,47919557827403;0,832349848157893;-1,59597813348059;-1,01076356799092;-0,450364675123805;0,801401576112555;1,40600219510446;-0,63263847465953;-0,342844241153435;1,43494630742366;0,0906108366013115;-0,370208572971542;-1,1030713693536;1,32236648056487;1,01152695661721;1,19926640221889;-0,963873199077294;1,2057017058745;1,08374133832584;1,11131677356277;-0,682056035990999;-1,25031028168987;1,46233091637876;-1,19470699784883;-0,360642665872652;0,934296311820661;-1,22800788938239;-1,21879696681418;1,13949546769717;-1,21258282832126;0,465263389974656;-1,18932563676285;0,341852635890264;1,40394619016647;0,225831643945763;-0,736849953398262;-1,23148801900481;-1,2405254031136;1,15330888809665;1,0151603673387;-1,35652124374097;0,23638071303413;-0,731703949493217;-0,293304163562084;0,442723110598115;1,23070373678043;-0,67735540497073;-1,41097809272847;-0,69893944140192;-0,920997403596749;-0,896475245156418;-0,127104670748721;1,47553050650821;-0,564561333250553;-0,43102583605805;1,39561715799873;0,994521386362013;1,22323131895111;0,974381552464611;0,239841467638415;0,386988662022144;0,982378358445838
0,0681021943683777;-0,647859042127975;-0,533378307968899;-0,177999921253951;1,28235721464908;-0,773666576082653;-0,388076410450299;0,358572838268948;1,14019875178485;-1,32720687876492;-1,58408367316339;-1,56554103388746;1,18267597177881;1,04596538247706;1,50394913732216;0,366886672774325;0,222398028425663;0,275184379159206;0,201961648276497;-1,43451445875805;1,5025159642998;0,716084507909414;1,73590031844706;-0,965571726900744;-0,954461993847787;-0,605849408944976;0,457762781813639;0,758059194408056;0,114793514009466;-0,713761839285352;-0,439069943128756;-0,597770068347054;-0,924560620947403;-0,581096701166404;-1,20423190644628;-1,59715841358157;-1,2094763016104;-0,721775921676882;-1,27954458322932;-1,40909761063297;1,10706871474724;1,17602058441233;0,140039486701251;-1,10654703495877;0,0316014428937645;1,84878926642013;0,505840184015955;0,795508341915005;-1,31223725088073;-0,634607935525941;-0,228144640703248;-0,565974714102611;-1,33412725627037;0,470897869954216;1,95793453841577;1,45000185790851;-0,28577518912549;-1,21190334578959;-0,867634692127599;0,244109858872621;0,866554813553257;0,951848566591194;-1,40031744046195;0,209863826348766;1,20984723581338;1,11167056663321;1,4570037585095;0,119675908223777;0,606100524201903;1,4570107861823;-0,0677337903367094
-0,64854855333535;-0,0783606826136795;-0,0257546910419503;-0,409171714296019;-1,22538900448928;-0,992338459066266;1,12421958073427;1,03312887093712;-0,653539488247085;0,926183756780329;1,6489581035205;0,403119805422228;-0,830443575305119;1,51086307033131;-1,41178358322904;-0,842625409217001;0,661176377530369;-0,406788502725287;-0,51437435654691;0,739692966847114;-1,52803140458028;-1,39408273664536;0,541456163988309;-0,160823105796456;-1,38534029097967;0,875704199873704;1,89916558218775;-0,198871285381646;0,955713623301467;-1,16441556503247;-1,16966514665567;-1,35341295582164;-0,621784404680937;1,43497846626625;-1,08971165304266;1,5192776376492;0,74930588280548;-0,676263516977192;1,52867428916195;0,821273279422833;0,578371371416995;-0,195434661974559;1,81274086140896;1,27125863572529;1,12977599277767;-1,03940262926406;1,49218077909471;0,654597482745411;1,01644172112305;0,35559787615927;-0,825702590636238;-1,00664747947119;-0,444797209716378;-0,904212616918188;-0,0604235928146879;-0,784763800243224;1,34455660506029;-1,39522956879873;-0,554129406869581;-0,136719752700697;-0,927130589591738;-0,207207117437317;-1,45288273591758;-1,01942190676785;0,565550919882772;1,4720730757889;-0,505393773450067;-0,301048589909085;1,07027673982074;-0,966687769215955;0,3724421596398
-0,413078273307866;-0,206673785097134;0,35158584768042;-1,50771445125107;0,354425373478062;-1,38995401697617;0,915457726488296;0,393513397685678;1,27272817183236;1,02093233898519;-0,499515859449208;0,46358362798463;-1,09932019915015;1,27945232884983;1,44297536876825;0,749032733888885;-1,39499816731146;-0,266059814175084;1,31087818429438;-1,49524333445136;0,338101260713688;1,4810264905767;-0,107844969240589;-0,0305861084639258;-0,926706417953256;-0,487528216649594;0,978089379470796;-1,00104369998311;1,27611652924639;1,09768665326185;0,0111338562888431;1,20781831246863;0,187877593013607;1,57902178023913;1,005698395259;0,630884979402111;0,595550321385341;-1,22529491592248;0,950454797392205;-1,23188201308709;-1,55549383735444;-0,330963112332065;-0,427349605306914;0,212937511822145;0,9977349698693;0,704682261393731;1,10821156043906;-0,867130542508661;0,44451145706734;-1,27038678509091;-0,966822744714248;1,34698561978837;1,04636677971449;-1,29591287218664;1,36965548575358;-0,299405681367446;1,49587026666058;-1,27568764188307;1,01369104921931;-0,815906007899762;-0,773344313929841;0,258641828443992;0,71209595095641;-1,48281807945691;-0,648061115331074;-0,112635089400709;-1,38215356305639;-1,08364289687215;-1,38410566443658;-0,845769208661282;-1,50437718552387
1,73316097983581;0,507115176124791;1,10059095078286;-1,8069726364796;-1,09391800302364;0,357587965555469;1,55621405069869;0,727531098691652;0,0212066072846757;0,0629592942380241;0,28361822760722;0,238858439188461;1,10497496208716;0,540454322505801;0,367345185160589;-1,68844402406659;-0,13969497444498;-1,63232532418297;-0,348975944469869;0,918833150676371;0,314091063073651;-0,690423138945845;0,191256897976077;1,39487246279759;-0,192830213868531;0,710269684365329;-0,641354012301483;-0,869120875490766;-0,577052209116992;0,566603466975996;0,689603330207202;-1,27204788889993;-0,366337411319887;-1,60348509287155;-0,86942366200834;-0,742860467579988;-1,6884268685055;-1,52418671808645;0,88472409904345;1,28784118421973;-1,61758275103285;-0,225542349415223;-0,64731297542542;0,977534637932685;0,806724787479217;-1,74929312467681;1,7251445520974;-0,281060766087206;0,869731946272604;-0,25683740120181;0,516988768299313;-1,45021931106646;0,723983399260026;0,0866844205454043;-0,0799479505561033;0,546044922685028;-1,56168091794791;1,63763921304025;0,31777830244391;0,127733037666008;-0,878597218239675;0,547795730092829;-0,572955888287982;1,38652386536365;1,3052766890858;-0,321873079589477;-1,27234334558828;0,830920858862086;-0,467661211582486;-0,767333543356049;1,93190356949388
-0,420767480093143;-0,504253099187057;0,293811017824222;0,6236265301903;-1,18675973263337;1,73874816660462;1,06495401094706;-1,14277419317092;-0,264849526925335;0,857696033636153;1,45117358158649;0,201300181989228;1,48751076629429;-1,63103603854113;0,26405457155332;-0,031871114920646;1,36710105063234;0,396516511432936;0,494497054240365;-0,933634326704952;-1,23774943768344;0,107813330424249;-0,989692048099962;0,288185797004953;-0,185410037386161;-1,36103621017409;-0,0661475839440388;1,48068617832417;-0,65277410143973;1,34540673631199;-0,865269847450742;-1,50683767663549;-0,191771060826837;-0,206591678557015;-0,760268221076581;0,993498184750844;-1,28717468240881;1,25905495518835;-0,535489666785897;0,560413304574624;-0,676765782111422;0,977778136548751;-1,09680068420844;1,06220225074;-0,443666346806736;-1,35440469849993;-0,202893296382344;1,23836582197809;-0,730387679603398;1,54413324325327;-0,716584416401311;-1,29292514516665;0,885586014596437;-1,41183439739591;1,33954866369134;1,24925325965799;-1,19058034113574;-1,67039406922938;-0,866982722472186;-1,50174281250793;0,128876460500009;1,36210190279827;1,28783397844419;0,167577806938059;0,0469465910382485;1,28199196817333;-1,28294804723258;0,0180831548026567;0,907066252710833;1,04839045697786;-0,420715722560488
-1,83261207808143;-0,92309451609915;1,78785272523781;1,5770725324101;-0,584967622972454;-0,622179920919489;-0,40434317185498;-1,14403192945277;-0,661497878487055;0,582212606441713;0,420643452872723;0,488787615060985;-0,564413926102814;0,324224620548474;-1,4798156398626;-0,780232088352753;-0,605126388939468;0,153926719100156;-0,357570490722482;0,458989170820666;-1,52886563899106;0,394921539539108;-0,885291448887574;-1,47553104567571;-0,389963914424395;1,51836242984354;0,464945853680982;-0,83120066466445;-0,0442318474424037;1,78173702612275;1,61669155033804;-1,58617665061268;-0,102867467839136;0,216995487922344;-1,01208297882724;1,25470414657751;0,948477959331184;-1,37671932496194;0,00990817731707718;-0,0525509256343911;0,848924775842381;1,05897742447759;1,46327848196844;-0,481103627232115;1,48040328632272;-1,03895196266955;-0,0677300985606448;1,61954209379337;-0,522065699607679;0,141639437051055;0,947749108496238;1,62482227850755;-0,694879008478363;-1,35543979531734;-0,98923862946248;-0,366920101475082;1,82281044893388;1,3115064233557;0,0151590992766799;-0,242716536670539;0,773487741544987;-1,52501985474835;0,760813434135097;-0,58262138846435;0,826134572249127;0,0549427559275856;-1,3602222646577;1,0792041021203;-0,615569748182109;-0,873906270294652;0,131903468461522
-0,95832779095287;-1,49009759741522;1,35989538821893;1,28794250655973;-0,574435618693486;0,713087976794513;1,27586601244118;-0,886334613335862;-1,06221599614917;-0,268168513295549;0,640013843975645;1,35640823918139;1,46085466682194;-0,905457935846659;1,61146161016522;0,863117663656342;-0,550774008876112;-0,590038295691117;1,07167785577588;1,13697108690239;1,31074204282487;0,438954810516041;-1,39807108437716;0,91841429908357;0,399411240987542;-1,35948376724639;0,121445313407594;0,510673982539799;-0,404278665776294;-1,3399048312913;0,646506207690555;0,281772462525211;-1,31400137503385;-1,60388078967714;0,191040560364942;1,29652253845618;-0,288567940659836;-0,776335603685554;1,39633995384092;0,636132651406706;-1,30167748506549;0,427274038739086;-0,495293418873894;-1,50784962081763;-1,55495995648759;-0,988493552260021;0,843941347305191;-1,15857567326543;0,748683712811423;0,843564856065419;1,05832852717425;-0,0658616680490312;0,066851616571892;-0,217340861603162;0,461152479784573;0,221068511813036;1,52632460024389;-1,17064939042732;-0,723599213990491;-0,827082331009772;-1,02048781617576;-0,8469384496613;1,13629516572238;-1,33444164442055;0,703676392295844;-1,25388909811224;1,05827913465255;1,4526049769364;0,521852617070346;-1,29719140785364;-0,4604448752465
-1,45296861440817;-0,365496800486249;-1,22877431199752;0,909889572754318;-0,75053822572942;-0,696321436084792;-1,57658731996538;0,946965325607096;-0,211963551765518;-0,59723236592159;-0,327148421704167;1,50119299189413;0,423018448050212;-0,805224306053047;-0,933217597692679;-1,46432947858194;0,584432804047428;-0,44947481839538;1,72324998917708;1,50995611637812;-0,752018615455069;1,69900475174027;0,680097793282366;0,0749375224689702;1,26979647728989;0,998305782103586;-0,797857356272078;-0,605881494802604;1,43386418630742;-0,429978446393775;1,10545499797669;-0,0388416019286572;0,490535080730444;-0,301536232822846;0,916561304507842;-1,37118055488774;-0,366208354307172;0,640807722097947;-0,423459168661749;-0,734007668348965;1,53984783343832;-0,414091950678752;1,22214133468531;1,49692378621498;1,02034559266021;-0,62270145800615;-0,876182707803669;1,16322074558022;0,0181569817356405;-1,54077535780447;-1,1208928491206;0,334026714771729;0,616665886330985;-1,11218852128666;-1,40594546351642;-1,39666327646236;0,709715495917461;0,451598255219586;1,39540318515051;0,00646608185306968;-1,59225922589622;0,784604264523301;1,26841122898575;-1,47578025145525;0,0526227257877967;1,46700326991057;-0,683137234919816;-0,969240465210448;0,0335244791251872;-1,25583218888845;0,65718896541131
1,3997348329864;1,4293358184765;0,48762745438542;1,42555656360465;1,12521539850757;-1,44330251945247;0,65827752912261;0,532907043790375;-0,0630262757581706;-0,0805858995960593;-0,457394618163914;0,846249795644195;0,992086704121355;-1,2345978808927;-1,15609499396841;0,815566784788009;-0,345562921413166;-0,831430904827372;0,347191889050912;-0,574219876644719;0,657321405369174;0,718953728324551;1,03551465957242;-1,07144030278207;-1,17187546297897;-0,185777656137191;0,722280324953657;-0,500028546406503;1,01920015831886;-1,84932905490236;-1,817521872952;-0,806775462843404;-0,666086559604691;-0,688364137198235;-1,29469555782322;0,0942835242466481;1,31157158706209;-1,31203036842666;-1,2981089843927;1,27945927962428;1,23164702370676;1,10534725740804;-0,741444894138682;1,28482608466144;0,102840824949509;1,11669303054192;1,44257904982375;0,993613769145593;-0,957618035090032;-1,55022622378443;0,877423997711781;1,08433474539468;0,883430856248698;0,547690189182738;1,18138857103732;-1,22747422398438;-1,51443416974215;-0,349187571478742;0,689176697937388;-0,597262274001469;-0,710881168549839;-0,749949253117116;0,968408561327796;-0,121952549502038;-0,171319355290285;-1,55887448396674;-0,395918973397342;-0,227804487326638;-1,84815765171571;0,204323157641229;0,958696873582206
-0,702343682622127;-1,25283828196214;0,910428512265747;-0,0518004654621828;1,44379790565723;-0,15830160761951;1,66267254759963;0,643861706429274;-0,583473681099639;0,143718706621697;1,6384163241337;-1,26284893949491;1,06324056987255;-1,06611346698913;-1,25898185023047;0,0755942521663762;0,600359128133465;-0,122167693148961;1,86323626174657;0,00506490870081872;0,0623861464932798;-0,266958516889223;1,16532756157189;0,425404513436547;0,415773217899814;-1,61603078188476;1,25493558826781;-0,162986289117529;0,0634393013863336;-0,10079101138056;0,0729869491346287;1,36321588499143;0,657453567353737;-0,826183965186219;0,236914403263781;1,01531150826614;-1,36924151805178;-0,7768151732656;-1,57442443228644;1,07856520348824;-1,05848190296858;1,24379353553508;-0,0893011894529652;1,47069385979533;-0,149149652978933;-0,995055818615239;-1,42845461026001;-0,500082310778846;-0,361589153869057;0,479647466042888;1,23582366153138;-1,56061904052437;-1,62662641507726;-1,21188326394521;-0,438297156449586;1,50189224944527;-0,480888428355852;-1,28183834839625;1,46970373181618;1,29296634031654;0,524040219290852;0,0587964894917077;-1,18643994218251;1,4545947454591;-1,69613058973838;-1,49166190808318;0,0169749083295296;0,122562187833318;0,63424954492527;-0,337015943318434;-0,322026577007297
-0,645386709259554;-0,576049166614041;-1,19255486370877;-0,935017148799884;0,412519560970568;1,33946818968303;1,22153080678902;-1,386594766881;-0,61430704933351;1,33030828088639;-0,296453625114089;-1,7337803431216;1,11916995021308;0,26918788463723;-0,40857576310553;0,843888805746831;-0,190881748667447;1,1453243117792;0,335343455474147;-0,535468260861109;1,42281659581576;-0,5710954812441;-1,14446164899742;-1,40509142626012;0,471741759519534;0,327098171966923;0,0777666445115118;1,00732925474743;-0,677396606454438;0,568936452657335;0,0711906306076428;0,455993133468763;1,48083915208957;-1,17685285377652;-0,416050715453266;0,35285681660633;0,908405660329766;1,03387723220967;0,400736076634345;1,26552423383049;-0,447607591266835;1,42085234406565;-0,231145521453728;1,08174409472358;-1,42230548849581;-0,414624609477903;-0,996813328053291;-1,12859338526293;0,0602404621547261;-1,00340024374138;1,42457453719324;0,185876798478566;1,46839351020086;1,44225563033569;-0,502186763880796;1,42924092773534;-1,3487747268313;-1,70465064666332;0,0967732474313728;-1,83176582021103;-0,65548566404315;-1,70298565717308;0,794333995324232;0,320288653759946;-0,658069558935928;0,75108539716794;-1,71108733946038;0,378835594774922;-1,23194860912418;0,742099576038931;1,43901530116786
0,615657842777811;-0,874030679212803;0,918012939947935;1,78257038565761;-1,63626001165755;1,52382591243945;-0,412227216942498;-1,62060760461679;-0,728509588138271;-0,279413220943968;-0,400068062016757;-0,666184086354894;-1,30366595322912;0,994523568502717;1,75503669148517;0,833622735773081;-1,59867398918358;1,18027324229484;-0,0212569452306265;0,108278670218692;1,04376514067006;-0,676432494115941;0,653164055205785;0,333448635629987;-0,349755944721942;-0,995217622682796;1,30675849211751;0,147468792052237;-0,358018041235415;-0,307586641315674;0,460784390939839;-1,53219230752158;1,17289032173801;-0,634144978976484;-0,462225484480898;-0,243936448088946;-0,719604783278159;-1,61099015155246;-0,187935626362732;-1,36560397041328;1,23012031299961;-1,43779708557067;-0,480913433063766;0,601564209399502;-1,5814735827957;1,12051504731256;0,810219354947707;1,53649635195402;-0,228203740517426;-1,37145969962167;-1,46633732314855;1,41083926440255;0,959060380440733;-0,655338681792348;-0,875510780753913;-0,346185782960837;0,345555851489022;-1,05371181553664;0,494050210524962;1,23170819693286;-1,42120869953264;1,31305457691288;0,610161022526239;1,45182763908501;1,1325529740238;-0,506151874349762;0,0336761778147051;1,20322961165498;-0,181527066870974;0,360697019719529;-0,0850486008033486
-1,76448084638568;-0,350276549914298;-0,375164597034437;0,714607798169337;0,810957738375849;1,6807678556159;-1,72350772687502;0,2199487817763;0,351193878730328;0,00161372783598823;1,6450774414434;-1,38549795378298;-0,720300896741966;-0,568742706096657;0,893782437961976;-0,713696207559684;0,129527234104233;-1,52558068662052;1,76366530849679;1,26985138410322;-1,4288510220991;-0,310874414888774;0,403998322044074;-1,71933060934798;1,79819448022472;-0,251337278611617;-0,131165212998447;1,33087092503482;0,763128371149016;-0,643747161463636;1,47478334362957;0,0145821424589945;1,270468363215;0,542960859796846;-1,61083930484677;-0,0241310121804964;-0,470451074515164;0,417970638004353;0,0919798664323298;-0,225741075435099;0,238003119627122;0,497124065550307;-1,68181797104044;-0,562856077132013;-1,31130606766004;0,909100370991393;-0,489218916123761;0,237086266795328;-1,55844428468961;-1,66014471098528;1,72169786951562;0,934635000570327;-0,136898491168709;0,922458436258973;-0,505776634256734;0,431088987782105;1,13042054732064;-0,433160665941674;0,801108737223623;-0,71503166126775;0,0346063903591294;-1,16968323263084;1,34151582990629;-0,782385638061252;0,411525803485433;-0,146831379270806;-0,771270897718973;0,621433662740199;-0,735230079505106;-0,859413228112744;1,64145028623449
